-87.998261,41.905966,"McDonalds-Addison,IL","410 W North Ave, Addison,IL, (630) 620-4266|Services:dt/wifi"
-88.0306463,41.9497978,"McDonalds-Addison,IL","501 W Lake St, Addison,IL, (630) 543-8380|Services:dt/wifi"
-88.0589767,38.376979,"McDonalds-Albion,IL","40 West Main St, Albion,IL, (618) 445-4041|Services:dt/wifi"
-90.7321052,41.1995314,"McDonalds-Aledo,IL","1402 SE Third Street, Aledo,IL, (309) 582-2359|Services:dt/wifi"
-88.3352604,42.1739225,"McDonalds-Algonquin,IL","125 S Randall Rd., Algonquin,IL, (847) 658-8099|Services:dt/wifi"
-88.2851922,42.163969,"McDonalds PlayPlace-Algonquin,IL","500 E Algonquin Rd, Algonquin,IL, (847) 658-8262|Services:dt/wifi/pp"
-87.7198148,41.6772537,"McDonalds-Alsip,IL","11850 South Pulaski Avenue, Alsip,IL, (708) 389-4949|Services:dt/wifi"
-88.7479998,39.05423,"McDonalds-Altamont,IL","1010 S Main, Altamont,IL, (618) 483-5354|Services:dt/wifi"
-90.151573,38.916003,"McDonalds-Alton,IL","2400 Homer Adams Pky, Alton,IL, (618) 465-8911|Services:dt/wifi"
-90.174449,38.88928,"McDonalds-Alton,IL","717 E Broadway, Alton,IL, (618) 465-7326|Services:dt/wifi"
-89.236041,37.459939,"McDonalds PlayPlace-Anna,IL","510 E Vienna, Anna,IL, (618) 833-7922|Services:dt/wifi/pp"
-88.0937415,42.4717417,"McDonalds PlayPlace-Antioch,IL","1150 Main Street, Antioch,IL, (847) 395-3200|Services:dt/wifi/pp"
-88.297375,39.680895,"McDonalds-Arcola,IL","550 E Springfield Rd, Arcola,IL 61910, (217) 268-5020|Services:dt/wifi"
-87.981537,42.138546,"McDonalds-Arlington Heights,IL","15 E Dundee Rd, Arlington Heights,IL, (847) 259-2830|Services:dt/wifi"
-87.9805351,42.1104642,"McDonalds PlayPlace-Arlington Heights,IL","1920 N Arlington Heights Rd, Arlington Heights,IL, (847) 394-8676|Services:dt/wifi/pp"
-87.9814472,42.0512847,"McDonalds-Arlington Heights,IL","45 E Golf Rd, Arlington Heights,IL, (847) 427-8773|Services:dt/wifi"
-88.315286,41.778598,"McDonalds PlayPlace-Aurora,IL","1023 N Lake St, Aurora,IL, (630) 897-2052|Services:dt/wifi/pp"
-88.2818098,41.7817639,"McDonalds PlayPlace-Aurora,IL","1185 N Farnsworth, Aurora,IL, (630) 898-0299|Services:dt/wifi/pp"
-88.276129,41.81371,"McDonalds-Aurora,IL","1505 Butterfield Road, Aurora,IL, (630) 851-0663|Services:dt/wifi"
-88.2084022,41.7597011,"McDonalds-Aurora,IL","188 Fox Valley Ctr, Aurora,IL, (630) 499-0516|Services:dt/wifi"
-88.366128,41.767052,"McDonalds PlayPlace-Aurora,IL","2011 West Galena Plaza, Aurora,IL, (630) 859-1778|Services:dt/wifi/pp"
-88.2536763,41.7141596,"McDonalds PlayPlace-Aurora,IL","2230 S Eola Rd, Aurora,IL 60503, (630) 229-6571|Services:dt/wifi/pp"
-88.2555473,41.7365288,"McDonalds-Aurora,IL","2595 Ogden Ave, Aurora,IL, (630) 585-8283|Services:dt/wifi"
-88.2468588,41.7456452,"McDonalds-Aurora,IL","425 N Eola, Aurora,IL, (630) 499-8121|Services:dt/wifi"
-88.207046,41.759414,"McDonalds-Aurora,IL","4440 Fox Valley Shctr, Aurora,IL, (630) 851-8080|Services:dt/wifi"
-88.3006983,41.7541707,"McDonalds-Aurora,IL","711 E New York St, Aurora,IL, (630) 375-9983|Services:dt/wifi"
-88.321786,41.760199,"McDonalds-Aurora,IL","Galena & Locust, Aurora,IL, (630) 801-1641|Services:dt/wifi"
-87.8626066,42.1995519,"McDonalds-Bannockburn,IL","2587 Waukegan Rd, Bannockburn,IL 60015, (847) 236-0461|Services:dt/wifi"
-88.1391539,42.1614912,"McDonalds-Barrington,IL","227 W Northwest Hwy, Barrington,IL, (847) 381-4488|Services:dt/wifi"
-88.206404,41.977721,"McDonalds PlayPlace-Bartlett,IL","791 S Il Rt 59, Bartlett,IL, (630) 483-2350|Services:dt/wifi/pp"
-89.6726453,40.6451673,"McDonalds-Bartonville,IL","1205 W Garfield, Bartonville,IL, (309) 697-9594|Services:dt/wifi"
-89.6484177,40.6531498,"McDonalds-Bartonville,IL","5600 S Washington St, Bartonville,IL, (309) 633-5600|Services:dt/wifi"
-88.3087302,41.8499633,"McDonalds-Batavia,IL","125 W Wilson, Batavia,IL, (630) 879-0024|Services:dt/wifi"
-87.826436,42.429376,"McDonalds-Beach Park,IL","39082 N Sheridan Rd, Beach Park,IL, (847) 746-8430|Services:dt/wifi"
-90.4415662,40.0028749,"McDonalds PlayPlace-Beardstown,IL","One Plaza Street, Beardstown,IL, (217) 323-5955|Services:dt/wifi/pp"
-87.62072,41.34843,"McDonalds-Beecher,IL","901 Dixie Hwy, Beecher,IL, (708) 946-1539|Services:dt/wifi"
-89.9290752,38.5693048,"McDonalds-Belleville,IL","1153 N Green Mount Rd, Belleville,IL, (618) 628-8375|Services:dt/wifi"
-89.982581,38.502475,"McDonalds-Belleville,IL","125 South Belt East, Belleville,IL, (618) 235-6226|Services:dt/wifi"
-90.023193,38.539962,"McDonalds PlayPlace-Belleville,IL","4422 W Main St, Belleville,IL, (618) 233-5786|Services:dt/wifi/pp"
-90.05102,38.5436206,"McDonalds-Belleville,IL","7301 Westfield Plz, Belleville,IL, (618) 233-9696|Services:dt/wifi"
-89.949027,38.517375,"McDonalds PlayPlace-Belleville,IL","906 Carlyle Ave, Belleville,IL, (618) 277-7897|Services:dt/wifi/pp"
-87.8637393,41.8838789,"McDonalds-Bellwood,IL","520 25th Street, Bellwood,IL, (708) 493-2840|Services:dt/wifi"
-88.853432,42.269137,"McDonalds PlayPlace-Belvidere,IL","1313 North State Street, Belvidere,IL, (815) 544-0141|Services:dt/wifi/pp"
-88.8414502,42.2401947,"McDonalds-Belvidere,IL","240 W Chyrsler Dr, Belvidere,IL, (815) 547-5254|Services:dt/wifi"
-88.8416584,42.2337755,"McDonalds-Belvidere,IL","5111 Pearl St, Belvidere,IL 61008, (815) 544-1972|Services:dt/wifi"
-87.9445275,41.960885,"McDonalds-Bensenville,IL","302 W Irving Park Rd, Bensenville,IL 60106, (630) 422-7220|Services:dt/wifi"
-87.9595347,41.9476255,"McDonalds-Bensenville,IL","630 N Rt 83, Bensenville,IL, (630) 694-1448|Services:dt/wifi"
-87.9113316,41.8895314,"McDonalds PlayPlace-Berkeley,IL","5707 St Charles Rd, Berkeley,IL, (708) 544-9706|Services:dt/wifi/pp"
-87.783733,41.850214,"McDonalds PlayPlace-Berwyn,IL","6401 Cermak Rd, Berwyn,IL, (708) 749-3002|Services:dt/wifi/pp"
-87.79921,41.82529,"McDonalds-Berwyn,IL","7031 Ogden Ave, Berwyn,IL 60402, (708) 484-8047|Services:dt/wifi"
-87.803386,41.864683,"McDonalds-Berwyn,IL","7135 W Roosevelt Rd, Berwyn,IL, (708) 749-1555|Services:dt/wifi"
-87.802979,41.849966,"McDonalds-Berwyn,IL","7181 W Cermak Rd, Berwyn,IL, (708) 484-0434|Services:dt/wifi"
-90.0580254,38.9007926,"McDonalds-Bethalto,IL","#2 Plaza Drive, Bethalto,IL, (618) 377-2216|Services:dt/wifi"
-88.0810401,41.9577882,"McDonalds-Bloomingdale,IL","101 E Lake St, Bloomingdale,IL, (630) 539-6440|Services:dt/wifi"
-88.119265,41.951284,"McDonalds PlayPlace-Bloomingdale,IL","72 Stratford Square Dr, Bloomingdale,IL, (630) 980-3525|Services:dt/wifi/pp"
-88.955976,40.4883493,"McDonalds PlayPlace-Bloomington,IL","1610 E Empire, Bloomington,IL, (309) 663-8450|Services:dt/wifi"
-88.9911917,40.4461529,"McDonalds-Bloomington,IL","2410 S Main, Bloomington,IL, (309) 828-1616|Services:dt/wifi"
-88.9552457,40.4735953,"McDonalds PlayPlace-Bloomington,IL","2507 E Oakland Avenue, Bloomington,IL, (309) 662-3114|Services:dt/wifi/pp"
-88.923726,40.488449,"McDonalds-Bloomington,IL","3102 E Empire St, Bloomington,IL 61704, (309) 661-2004|Services:dt/wifi"
-89.0252951,40.4830624,"McDonalds PlayPlace-Bloomington,IL","525 Brock Drive, Bloomington,IL, (309) 829-8613|Services:dt/wifi/pp"
-87.681707,41.676703,"McDonalds-Blue Island,IL","11920 S Western Ave, Blue Island,IL, (708) 371-6118|Services:dt/wifi"
-88.068207,41.6985188,"McDonalds PlayPlace-Bolingbrook,IL","100 N Bolingbrook Dr, Bolingbrook,IL, (630) 739-0080|Services:dt/wifi/pp"
-88.1260107,41.7042238,"McDonalds PlayPlace-Bolingbrook,IL","295 N Naperville Rd, Bolingbrook,IL, (630) 378-4755|Services:dt/wifi/pp"
-88.038301,41.723513,"McDonalds-Bolingbrook,IL","840 E Boughton Rd, Bolingbrook,IL 60440, (630) 783-1629|Services:dt/wifi"
-87.8498868,41.1915175,"McDonalds-Bourbonnais,IL","2050 N State Road 50, Bourbonnais,IL, (815) 929-7420|Services:dt/wifi"
-87.8863471,41.1593029,"McDonalds-Bourbonnais,IL","575 Main St NW, Bourbonnais,IL, (815) 932-6575|Services:dt/wifi"
-87.8510805,41.1600507,"McDonalds PlayPlace-Bradley,IL","1180 North Kinzie, Bradley,IL, (815) 937-1180|Services:dt/wifi/pp"
-88.2132741,41.2621661,"McDonalds-Braidwood,IL","285 W Front St, Braidwood,IL, (815) 458-0802|Services:dt/wifi"
-89.5300226,38.6195823,"McDonalds-Breese,IL","681 N 12th Street, Breese,IL, (618) 526-8243|Services:dt/wifi"
-87.7997963,41.7516796,"McDonalds-Bridgeview,IL","7701 South Harlem, Bridgeview,IL, (708) 430-9520|Services:dt/wifi"
-87.8171287,41.7477321,"McDonalds-Bridgeview,IL","7920 West 79th St, Bridgeview,IL, (708) 496-1777|Services:dt/wifi"
-87.799125,41.7348249,"McDonalds PlayPlace-Bridgeview,IL","8611 S Harlem Avenue, Bridgeview,IL, (708) 599-1750|Services:dt/wifi/pp"
-87.850777,41.851545,"McDonalds PlayPlace-Broadview,IL","6200 Broadview [village Square], Broadview,IL, (708) 338-2523|Services:dt/wifi/pp"
-87.984807,42.172965,"McDonalds-Buffalo Grove,IL","1200 N Arlington Heights Rd, Buffalo Grove,IL, (847) 821-2002|Services:dt/wifi"
-87.7556537,41.7488388,"McDonalds-Burbank,IL","5355 West 79th Street, Burbank,IL, (708) 425-6966|Services:dt/wifi"
-89.255885,42.125448,"McDonalds-Byron,IL","105 N Union St, Byron,IL 61010, (815) 234-2004|Services:dt/wifi"
-90.1771755,38.5632961,"McDonalds-Cahokia,IL","1110 Camp Jackson Rd, Cahokia,IL, (618) 337-9150|Services:dt/wifi"
-87.576211,41.622765,"McDonalds-Calumet City,IL","2004 Sibley Blvd, Calumet City,IL, (708) 730-0188|Services:dt/wifi"
-87.5404295,41.5997916,"McDonalds PlayPlace-Calumet City,IL","656 River Oaks Drive, Calumet City,IL, (708) 862-9707|Services:dt/wifi/pp"
-87.6609601,41.6628369,"McDonalds-Calumet Park,IL","12700 South Ashland, Calumet Park,IL, (708) 388-6114|Services:dt/wifi"
-90.0349076,40.5663115,"McDonalds PlayPlace-Canton,IL","10 East Sycamore, Canton,IL, (309) 647-8333|Services:dt/wifi/pp"
-89.1645868,37.7424608,"McDonalds PlayPlace-Carbondale,IL","1396 E Main St, Carbondale,IL, (618) 457-5220|Services:dt/wifi/pp"
-89.21955,37.69947,"McDonalds-Carbondale,IL","1920 S Illinois Ave, Carbondale,IL, (618) 457-7344|Services:dt/wifi"
-89.8890806,39.279705,"McDonalds PlayPlace-Carlinville,IL","733 W Main, Carlinville,IL, (217) 854-4481|Services:dt/wifi/pp"
-89.371928,38.627463,"McDonalds-Carlyle,IL","18010 William Rd, Carlyle,IL, (618) 594-4474|Services:dt/wifi"
-88.17775,38.07921,"McDonalds PlayPlace-Carmi,IL","1300 W Main St/rt 4 Box 15, Carmi,IL, (618) 382-8054|Services:dt/wifi/pp"
-88.1503453,41.9387171,"McDonalds PlayPlace-Carol Stream,IL","1335 County Farm Rd, Carol Stream,IL, (630) 830-8810|Services:dt/wifi/pp"
-88.1026039,41.8948574,"McDonalds-Carol Stream,IL","355 S Schmale Rd, Carol Stream,IL, (630) 668-5282|Services:dt/wifi"
-88.257904,42.1051022,"McDonalds PlayPlace-Carpentersville,IL","1660 Kennedy Dr, Carpentersville,IL, (847) 428-9137|Services:dt/wifi/pp"
-88.335648,42.123643,"McDonalds-Carpentersville,IL","2290 Randall Rd, Carpentersville,IL, (847) 836-0901|Services:dt/wifi"
-89.0730865,37.7454252,"McDonalds-Carterville,IL","400 E Plaza Dr, Carterville,IL, (618) 985-2070|Services:dt/wifi"
-88.2555526,42.2167056,"McDonalds-Cary,IL","678 Northwest Hwy [rt 14], Cary,IL, (847) 639-1181|Services:dt/wifi"
-87.98604,39.31405,"McDonalds-Casey,IL","940 N Rte49 [il-49 & I-70], Casey,IL, (217) 932-5999|Services:dt/wifi"
-90.0458482,38.6131635,"McDonalds PlayPlace-Caseyville,IL","1 Rauckman Dr, Caseyville,IL 62232, (618) 397-8903|Services:dt/wifi/pp"
-89.1589112,38.5329351,"McDonalds-Centralia,IL","1485 W Broadway, Centralia,IL, (618) 532-2222|Services:dt/wifi"
-89.1252624,38.5260994,"McDonalds PlayPlace-Centralia,IL","810 East Broadway, Centralia,IL, (618) 532-6511|Services:dt/wifi/pp"
-88.244652,40.0980194,"McDonalds-Champaign,IL","1605 S Neil, Champaign,IL, (217) 356-6679|Services:dt/wifi"
-88.2435649,40.1331139,"McDonalds PlayPlace-Champaign,IL","1812 North Neil, Champaign,IL, (217) 359-5251|Services:dt/wifi/pp"
-88.2931848,40.0983928,"McDonalds PlayPlace-Champaign,IL","2909 W Kirby Ave, Champaign,IL, (217) 359-3856|Services:dt/wifi/pp"
-88.2393091,40.1560881,"McDonalds-Champaign,IL","4910 N Market Street, Champaign,IL, (217) 643-7918|Services:dt/wifi"
-88.2769329,40.1196801,"McDonalds-Champaign,IL","501 North Mattis, Champaign,IL, (217) 359-0588|Services:dt/wifi"
-88.22961,40.11064,"McDonalds-Champaign,IL","616 E Green St, Champaign,IL 61820, (217) 384-4834|Services:dt/wifi"
-88.259159,40.13269,"McDonalds-Champaign,IL","906 Bloomington Rd, Champaign,IL 61821, (217) 355-4862|Services:dt/wifi"
-88.2361701,41.4226347,"McDonalds-Channahon,IL","24061 W Eames, Channahon,IL, (815) 467-7995|Services:dt/wifi"
-88.197478,41.454437,"McDonalds-Channahon,IL","26953 West Eames, Channahon,IL, (815) 467-8109|Services:dt/wifi"
-88.1818102,39.484345,"McDonalds-Charleston,IL","12 W Lincoln, Charleston,IL, (217) 348-0215|Services:dt/wifi"
-89.7045317,39.6777699,"McDonalds-Chatham,IL","490 N Main St, Chatham,IL, (217) 483-7159|Services:dt/wifi"
-88.7334055,40.7424048,"McDonalds PlayPlace-Chenoa,IL","504 Hoselton Dr, Chenoa,IL, (815) 945-2222|Services:dt/wifi/pp"
-89.8047503,37.9277075,"McDonalds PlayPlace-Chester,IL","2208 State St, Chester,IL, (618) 826-2895|Services:dt/wifi/pp"
-87.627777,41.896946,"McDonalds-Chicago,IL","10 E Chicago Ave, Chicago,IL, (312) 649-9262|Services:dt/wifi"
-87.6552018,41.9654319,"McDonalds-Chicago,IL","1004 West Wilson, Chicago,IL, (773) 275-9885|Services:dt/wifi"
-87.701641,41.705515,"McDonalds PlayPlace-Chicago,IL","10320 S Kedzie Ave, Chicago,IL, (773) 238-1216|Services:dt/wifi/pp"
-87.631311,41.877837,"McDonalds-Chicago,IL","111 W Jackson, Chicago,IL, (312) 922-4298|Services:wifi"
-87.6420782,41.6864636,"McDonalds-Chicago,IL","11421 S Halsted, Chicago,IL, (773) 568-4663|Services:dt/wifi"
-87.625734,41.883853,"McDonalds-Chicago,IL","119 North Wabash, Chicago,IL, (312) 977-1970|Services:wifi"
-87.66188,41.88566,"McDonalds-Chicago,IL","1380 W Lake St, Chicago,IL 60607, (312) 243-0312|Services:dt/wifi"
-87.588816,41.736604,"McDonalds-Chicago,IL","1443 E 87th St, Chicago,IL, (773) 221-2541|Services:dt/wifi"
-87.6615541,41.8085254,"McDonalds PlayPlace-Chicago,IL","1454 W 47th St, Chicago,IL, (773) 890-1004|Services:dt/wifi/pp"
-87.63452,41.91102,"McDonalds-Chicago,IL","1563 N Wells [satellite], Chicago,IL, (312) 266-2633|Services:wifi"
-87.6641851,41.721126,"McDonalds-Chicago,IL","1637 W 95th St, Chicago,IL, (773) 429-1300|Services:dt/wifi"
-87.6607136,41.858373,"McDonalds-Chicago,IL","1664 S Blue Island, Chicago,IL, (312) 226-6147|Services:dt/wifi"
-87.6719984,41.9250957,"McDonalds-Chicago,IL","1737 W Fullerton, Chicago,IL, (773) 244-4001|Services:dt/wifi"
-87.6333433,41.879381,"McDonalds-Chicago,IL","180 W Adams, Chicago,IL, (312) 580-0773|Services:wifi"
-87.6758725,41.9978946,"McDonalds-Chicago,IL","1831 W Devon/ridge, Chicago,IL, (773) 381-2252|Services:dt/wifi"
-87.5759209,41.7224755,"McDonalds-Chicago,IL","1951 E 95th St, Chicago,IL, (773) 768-3355|Services:dt/wifi"
-87.686943,41.917088,"McDonalds-Chicago,IL","1951 N Western Ave, Chicago,IL, (773) 276-2367|Services:dt/wifi"
-87.6773528,41.8959045,"McDonalds-Chicago,IL","2005 W Chicago Ave, Chicago,IL, (312) 226-4818|Services:dt/wifi"
-87.63255,41.89,"McDonalds-Chicago,IL","203 N Lasalle St, Chicago,IL 60601, (312) 332-0482|Services:wifi"
-87.621174,41.830828,"McDonalds-Chicago,IL","207 E 35th St, Chicago,IL, (312) 842-3986|Services:dt/wifi"
-87.6395706,41.878465,"McDonalds-Chicago,IL","225 S Canal St, Chicago,IL, (312) 627-9234|Services:wifi"
-87.6863895,41.8819623,"McDonalds-Chicago,IL","23 N Western Avenue, Chicago,IL, (312) 243-3599|Services:dt/wifi"
-87.6308475,41.8813061,"McDonalds-Chicago,IL","23 S Clark, Chicago,IL, (312) 580-0214|Services:wifi"
-87.745785,41.92293,"McDonalds PlayPlace-Chicago,IL","2317 N Cicero, Chicago,IL, (773) 637-3590|Services:dt/wifi/pp"
-87.6244561,41.8862141,"McDonalds-Chicago,IL","233 N Michigan, Chicago,IL, (312) 540-0721|Services:wifi"
-87.634781,41.877867,"McDonalds-Chicago,IL","233 W Jackson, Chicago,IL, (312) 583-0682|Services:wifi"
-87.7659681,41.9232314,"McDonalds-Chicago,IL","2350 N Central, Chicago,IL, (773) 622-4405|Services:dt/wifi"
-87.649912,41.925735,"McDonalds-Chicago,IL","2400 N Lincoln Ave [satellite], Chicago,IL, (773) 388-3621|Services:wifi"
-87.5651003,41.751737,"McDonalds-Chicago,IL","2425 E 79th St, Chicago,IL, (773) 768-0153|Services:dt/wifi"
-87.6865815,41.8520255,"McDonalds PlayPlace-Chicago,IL","2438 W Cermak, Chicago,IL, (773) 927-8643|Services:dt/wifi/pp"
-87.61675,41.847049,"McDonalds-Chicago,IL","2525 S Martin Luther King Dr, Chicago,IL, (312) 842-8643|Services:dt/wifi"
-87.6937925,41.9467104,"McDonalds PlayPlace-Chicago,IL","2608 West Addison, Chicago,IL, (773) 477-8687|Services:dt/wifi/pp"
-87.7050209,41.8442544,"McDonalds PlayPlace-Chicago,IL","2609 S Kedzie Ave, Chicago,IL, (773) 847-1601|Services:dt/wifi/pp"
-87.6437675,41.9305089,"McDonalds-Chicago,IL","2635 North Clark Street, Chicago,IL, (773) 549-6272|Services:dt/wifi"
-87.7095209,41.9303662,"McDonalds-Chicago,IL","2707 N Milwaukee Ave, Chicago,IL, (773) 342-4052|Services:dt/wifi"
-87.7857456,41.9304613,"McDonalds PlayPlace-Chicago,IL","2754 N Narragansett, Chicago,IL, (773) 237-1500|Services:dt/wifi/pp"
-87.668878,41.933573,"McDonalds PlayPlace-Chicago,IL","2834 N Ashland Ave, Chicago,IL, (773) 528-7503|Services:dt/wifi/pp"
-87.6229555,41.7363196,"McDonalds-Chicago,IL","29 E 87th St, Chicago,IL, (773) 874-6800|Services:dt/wifi"
-87.636026,41.882836,"McDonalds-Chicago,IL","29 N Wacker, Chicago,IL, (312) 456-4307|Services:wifi"
-87.634363,41.88893,"McDonalds-Chicago,IL","300 N Wells -Merch Mr [spaces 205 & 207], Chicago,IL, (312) 644-2090|Services:wifi"
-87.64638,41.83962,"McDonalds-Chicago,IL","3020 S Halsted St [satellite], Chicago,IL, (312) 949-9774|Services:wifi"
-87.707575,42.012065,"McDonalds PlayPlace-Chicago,IL","3122 W Touhy Ave, Chicago,IL, (773) 338-3122|Services:dt/wifi"
-87.7083031,41.9757107,"McDonalds-Chicago,IL","3154 W Foster Ave, Chicago,IL, (773) 539-4046|Services:dt/wifi"
-87.7056865,41.8663946,"McDonalds-Chicago,IL","3200 West Roosevelt, Chicago,IL, (773) 533-5336|Services:dt/wifi"
-87.7106959,41.990316,"McDonalds PlayPlace-Chicago,IL","3241 W Peterson, Chicago,IL, (773) 588-8860|Services:dt/wifi/pp"
-87.7087893,41.9100571,"McDonalds-Chicago,IL","3245 W North Avenue, Chicago,IL, (773) 227-8928|Services:dt/wifi"
-87.8068674,41.9445524,"McDonalds PlayPlace-Chicago,IL","3540 N Harlem Ave, Chicago,IL, (773) 622-8811|Services:dt/wifi/pp"
-87.7470721,41.9457276,"McDonalds-Chicago,IL","3548-3550 N Cicero, Chicago,IL, (773) 283-0157|Services:dt/wifi"
-87.62547,41.72192,"McDonalds-Chicago,IL","36 W 95th St, Chicago,IL 60628, (773) 568-7910|Services:dt/wifi"
-87.628724,41.884834,"McDonalds-Chicago,IL","36 W Randolph, Chicago,IL, (312) 759-2128|Services:wifi"
-87.7181441,41.9535924,"McDonalds-Chicago,IL","3615 W Irving Park Rd, Chicago,IL, (773) 463-1585|Services:dt/wifi"
-87.7247936,41.9681567,"McDonalds-Chicago,IL","3855 W Lawrence Ave, Chicago,IL, (773) 588-9136|Services:dt/wifi"
-87.688569,41.82339,"McDonalds PlayPlace-Chicago,IL","3867 Archer Ave, Chicago,IL, (773) 254-1575|Services:dt/wifi/pp"
-87.728586,41.939255,"McDonalds-Chicago,IL","4038 W Belmont Ave, Chicago,IL, (773) 282-1960|Services:dt/wifi"
-87.525079,41.702393,"McDonalds-Chicago,IL","4047 East 106th Street, Chicago,IL, (773) 721-7171|Services:dt/wifi"
-87.6652804,41.8184937,"McDonalds-Chicago,IL","4158 S Ashland, Chicago,IL, (773) 847-2763|Services:dt/wifi"
-87.7475637,41.9592912,"McDonalds-Chicago,IL","4320 N Cicero, Chicago,IL, (773) 283-5544|Services:dt/wifi"
-87.7324167,41.8440399,"McDonalds PlayPlace-Chicago,IL","4334 West 26th Street, Chicago,IL, (773) 762-9211|Services:dt/wifi"
-87.735077,41.91002,"McDonalds PlayPlace-Chicago,IL","4338 W North Ave, Chicago,IL, (773) 384-8165|Services:dt/wifi/pp"
-87.7083681,41.9640777,"McDonalds-Chicago,IL","4546 N Kedzie Ave, Chicago,IL, (773) 583-4394|Services:dt/wifi"
-87.8367708,41.9635309,"McDonalds-Chicago,IL","4550 N Cumberland, Chicago,IL, (773) 625-4343|Services:dt/wifi"
-87.7423516,41.9315787,"McDonalds-Chicago,IL","4601 W Diversey, Chicago,IL, (773) 394-0991|Services:dt/wifi"
-87.7432237,41.807271,"McDonalds-Chicago,IL","4704 S Cicero Avenue, Chicago,IL, (773) 284-9713|Services:dt/wifi"
-87.689662,41.969914,"McDonalds-Chicago,IL","4844 N Lincoln Ave, Chicago,IL, (773) 334-0033|Services:dt/wifi"
-87.7631174,41.9705971,"McDonalds-Chicago,IL","4946 N Milwaukee Avenue, Chicago,IL, (773) 777-2327|Services:dt/wifi"
-87.6397129,41.8818756,"McDonalds-Chicago,IL","500 W Madison St, Chicago,IL, (312) 906-8077|Services:wifi"
-87.7503155,41.8803917,"McDonalds-Chicago,IL","5015 W Madison, Chicago,IL, (773) 378-1470|Services:dt/wifi"
-87.655079,41.976228,"McDonalds-Chicago,IL","5130 North Sheridan Road, Chicago,IL, (773) 275-9035|Services:dt/wifi"
-87.754794,41.9094487,"McDonalds-Chicago,IL","5133 W North Ave, Chicago,IL, (773) 237-8655|Services:dt/wifi"
-87.7548281,41.8948685,"McDonalds-Chicago,IL","5153 W Chicago Ave, Chicago,IL, (773) 287-4687|Services:dt/wifi"
-87.588279,41.801278,"McDonalds-Chicago,IL","5200 S Lake Park, Chicago,IL, (773) 288-2161|Services:dt/wifi"
-87.722567,41.796933,"McDonalds-Chicago,IL","5253 S Pulaski, Chicago,IL, (773) 284-9684|Services:dt/wifi"
-87.6415869,41.8818567,"McDonalds-Chicago,IL","555 W Madison, Chicago,IL, (312) 902-2600|Services:wifi"
-87.669134,41.983808,"McDonalds-Chicago,IL","5614 N Clark St, Chicago,IL, (773) 989-9250|Services:dt/wifi"
-87.7657232,41.8655184,"McDonalds-Chicago,IL","5624 W Roosevelt Rd, Chicago,IL, (773) 921-0056|Services:dt/wifi"
-87.7690607,41.9530246,"McDonalds-Chicago,IL","5656 W Irving Park Rd, Chicago,IL, (773) 545-8686|Services:dt/wifi"
-87.702983,41.788756,"McDonalds PlayPlace-Chicago,IL","5733 S Kedzie Ave, Chicago,IL, (773) 471-1858|Services:dt/wifi/pp"
-87.607689,41.685718,"McDonalds-Chicago,IL","600 E 115th St, Chicago,IL, (773) 995-8560|Services:dt/wifi"
-87.6096669,41.8921254,"McDonalds-Chicago,IL","600 E Grand Ave, Chicago,IL, (312) 832-1640|Services:dt/wifi"
-87.631602,41.89281,"McDonalds-Chicago,IL","600 N Clark, Chicago,IL, (312) 867-0455|Services:dt/wifi"
-87.783446,41.9928595,"McDonalds-Chicago,IL","6125 N Milwaukee Ave, Chicago,IL, (773) 631-7817|Services:dt/wifi"
-87.6603977,41.9953846,"McDonalds-Chicago,IL","6231 N Broadway, Chicago,IL, (773) 743-1316|Services:dt/wifi"
-87.6641048,41.7781411,"McDonalds-Chicago,IL","6336 S Ashland, Chicago,IL, (773) 436-2519|Services:dt/wifi"
-87.742503,41.775539,"McDonalds PlayPlace-Chicago,IL","6430 S Cicero, Chicago,IL, (773) 284-8996|Services:dt/wifi/pp"
-87.6177339,41.8938991,"McDonalds-Chicago,IL","645 N Mcclurg Ct, Chicago,IL, (312) 944-5665|Services:wifi"
-87.587011,41.774556,"McDonalds-Chicago,IL","6560 S Stoney Island Ave, Chicago,IL, (773) 493-5800|Services:dt/wifi"
-87.68353,41.77549,"McDonalds-Chicago,IL","65th & Western, Chicago,IL, (773) 434-6048|Services:dt/wifi"
-87.789822,41.7922081,"McDonalds PlayPlace-Chicago,IL","6720 W Archer Ave, Chicago,IL, (773) 229-9841|Services:dt/wifi/pp"
-87.7224784,41.7699565,"McDonalds-Chicago,IL","6737 South Pulaski Avenue, Chicago,IL, (773) 284-9350|Services:dt/wifi"
-87.6728601,42.0047255,"McDonalds-Chicago,IL","6740 N Clark, Chicago,IL, (773) 262-4125|Services:dt/wifi"
-87.690457,42.006902,"McDonalds-Chicago,IL","6900 North Western Avenue, Chicago,IL, (773) 274-6151|Services:dt/wifi"
-87.626636,41.7690736,"McDonalds-Chicago,IL","6900 S Lafayette, Chicago,IL, (773) 994-0690|Services:dt/wifi"
-87.6237468,41.794668,"McDonalds-Chicago,IL","70 E Garfield, Chicago,IL, (773) 924-0821|Services:dt/wifi"
-87.6073418,41.8095255,"McDonalds-Chicago,IL","740 E 47th St, Chicago,IL, (773) 924-6070|Services:dt/wifi"
-87.632053,41.755683,"McDonalds-Chicago,IL","7601 S Vincennes Avenue, Chicago,IL, (773) 723-4700|Services:dt/wifi"
-87.6829612,41.7513205,"McDonalds-Chicago,IL","7832 S Western, Chicago,IL, (773) 476-1196|Services:dt/wifi"
-87.6149058,41.7509729,"McDonalds-Chicago,IL","7900 S Martin Luther King Dr, Chicago,IL, (773) 651-3365|Services:dt/wifi"
-87.662639,41.742267,"McDonalds-Chicago,IL","8321 South Ashland, Chicago,IL, (773) 779-2888|Services:dt/wifi"
-87.7214439,41.739814,"McDonalds-Chicago,IL","8415 S Pulaski Ave, Chicago,IL, (773) 284-1331|Services:dt/wifi"
-87.5511736,41.7279092,"McDonalds PlayPlace-Chicago,IL","9211 South Commercial, Chicago,IL, (773) 375-7700|Services:dt/wifi/pp"
-87.6432118,41.7196348,"McDonalds-Chicago,IL","9560 S Halsted Street, Chicago,IL, (773) 881-4245|Services:dt/wifi"
-87.612137,41.853101,"McDonalds-Chicago,IL","McCormick Place, Chicago,IL, (312) 328-0682|Services:none"
-87.8923,41.9775,"McDonalds-Chicago,IL","O'Hare Airport Terminal 5 Arrivals, Chicago,IL 60666, (773) 894-3432|Services:none"
-87.908114,41.994666,"McDonalds-Chicago,IL","O'hare Terminal 3 Conc H/K Apex, Chicago,IL, (773) 462-0123|Services:wifi"
-87.92318,41.990511,"McDonalds-Chicago,IL","Term 1 Conc B, Chicago,IL, (773) 686-1130|Services:none"
-87.919102,41.983766,"McDonalds-Chicago,IL","Term 3 Conc H, Chicago,IL, (773) 686-1161|Services:none"
-87.908753,41.976401,"McDonalds-Chicago,IL","Term 3 Conc L, Chicago,IL, (773) 601-9000|Services:none"
-87.892628,41.990264,"McDonalds-Chicago,IL","Terminal 1 Concourse C, Chicago,IL, (773) 686-1540|Services:wifi"
-87.916235,41.991001,"McDonalds-Chicago,IL","Terminal 2 Concourse E-F, Chicago,IL, (773) 601-9004|Services:none"
-87.910245,41.991958,"McDonalds-Chicago,IL","Terminal 3 Concourse K, Chicago,IL, (773) 686-1176|Services:none"
-87.62609,41.87957,"McDonalds-Chicago,IL","Wabash & Adams, Chicago,IL, (312) 727-0300|Services:none"
-87.635588,41.52924,"McDonalds-Chicago Heights,IL","19767 S Halsted Street, Chicago Heights,IL, (708) 754-5572|Services:dt/wifi"
-89.494132,40.907306,"McDonalds PlayPlace-Chillicothe,IL","402 W Cloverdale, Chillicothe,IL, (309) 274-4070|Services:dt/wifi/pp"
-87.743329,41.840498,"McDonalds PlayPlace-Cicero,IL","2827 S Cicero, Cicero,IL, (708) 863-6227|Services:dt/wifi/pp"
-87.761457,41.851362,"McDonalds PlayPlace-Cicero,IL","5500 West Cermak Road, Cicero,IL, (708) 863-4135|Services:dt/wifi/pp"
-88.962987,40.148501,"McDonalds PlayPlace-Clinton,IL","Highway 54 West, Clinton,IL, (217) 935-8522|Services:dt/wifi/pp"
-88.285872,41.287475,"McDonalds-Coal City,IL","2 South Broadway, Coal City,IL, (815) 634-4412|Services:dt/wifi"
-89.9763378,38.6909727,"McDonalds-Collinsville,IL","503 Belt Line Road, Collinsville,IL, (618) 345-7773|Services:dt/wifi"
-90.010883,38.679156,"McDonalds PlayPlace-Collinsville,IL","520 Ramada Blvd, Collinsville,IL, (618) 345-4131|Services:dt/wifi/pp"
-90.218595,38.446686,"McDonalds-Columbia,IL","300 Columbia Center, Columbia,IL, (618) 281-4222|Services:dt/wifi"
-87.7204251,41.5861012,"McDonalds-Country Club Hills,IL","4239 W 167th Street, Country Club Hills,IL, (708) 206-1035|Services:dt/wifi"
-87.867795,41.786622,"McDonalds-Countryside,IL","5701 South Lagrange Road, Countryside,IL, (708) 352-8875|Services:dt/wifi"
-88.124147,41.554232,"McDonalds-Crest Hill,IL","1704 Plainfield Rd, Crest Hill,IL, (815) 741-2206|Services:dt/wifi"
-87.737783,41.644316,"McDonalds-Crestwood,IL","13630 S Cicero Ave, Crestwood,IL, (708) 371-0650|Services:dt/wifi"
-87.5822656,41.4699463,"McDonalds-Crete,IL","1350 Steger Rd, Crete,IL, (708) 672-4500|Services:dt/wifi"
-88.2867575,42.2476623,"McDonalds-Crystal Lake,IL","230 N Rt 31, Crystal Lake,IL, (815) 455-2599|Services:dt/wifi"
-88.311323,42.225582,"McDonalds PlayPlace-Crystal Lake,IL","551 Crystal Point Dr, Crystal Lake,IL, (815) 455-6630|Services:dt/wifi/pp"
-88.34685,42.24811,"McDonalds-Crystal Lake,IL","7617 Rt 14, Crystal Lake,IL, (815) 479-9532|Services:dt/wifi"
-87.61179,40.12733,"McDonalds-Danville,IL","101 N Bowman Ave, Danville,IL 61832, (217) 446-4520|Services:dt/wifi"
-87.636202,40.1193241,"McDonalds PlayPlace-Danville,IL","109 South Gilbert Street, Danville,IL, (217) 446-4084|Services:dt/wifi/pp"
-87.630217,40.1747473,"McDonalds-Danville,IL","3195 North Vermilion Street, Danville,IL, (217) 446-0043|Services:dt/wifi"
-87.9636197,41.7533544,"McDonalds-Darien,IL","809 Plainfield Rd, Darien,IL, (630) 969-7690|Services:dt/wifi"
-88.931489,39.846205,"McDonalds-Decatur,IL","1835 E El Dorado, Decatur,IL, (217) 423-1775|Services:dt/wifi"
-88.8782256,39.818815,"McDonalds PlayPlace-Decatur,IL","1909 Mount Zion Rd, Decatur,IL, (217) 864-4937|Services:dt/wifi/pp"
-88.9549748,39.8768165,"McDonalds-Decatur,IL","3005 N Water St, Decatur,IL, (217) 877-9259|Services:dt/wifi"
-88.8957288,39.9070848,"McDonalds-Decatur,IL","4030 East Boyd Road, Decatur,IL, (217) 872-1974|Services:dt/wifi"
-88.9697227,39.8455709,"McDonalds-Decatur,IL","962 W Eldorado, Decatur,IL, (217) 422-8149|Services:dt/wifi"
-87.8349302,42.1518535,"McDonalds-Deerfield,IL","50 South Waukegan Road, Deerfield,IL, (847) 945-2112|Services:dt/wifi"
-88.7480591,41.9289342,"McDonalds-Dekalb,IL","545 E Lincoln Hwy, Dekalb,IL, (815) 758-5751|Services:dt/wifi"
-88.7684991,41.9311383,"McDonalds PlayPlace-Dekalb,IL","805 W Lincoln Hwy, Dekalb,IL, (815) 756-5202|Services:dt/wifi"
-87.8960236,42.0238864,"McDonalds-Des Plaines,IL","1101 Oakton Street, Des Plaines,IL, (847) 297-5630|Services:dt/wifi"
-87.8843571,41.9992627,"McDonalds-Des Plaines,IL","3067 Mannheim Road, Des Plaines,IL, (847) 824-8800|Services:dt/wifi"
-87.8851131,42.0455319,"McDonalds-Des Plaines,IL","444 So River Road, Des Plaines,IL, (847) 827-1220|Services:dt/wifi"
-87.9480525,42.0472302,"McDonalds-Des Plaines,IL","725 West Golf Road, Des Plaines,IL, (847) 439-6141|Services:dt/wifi"
-89.4844507,41.8476043,"McDonalds PlayPlace-Dixon,IL","207 N Galena, Dixon,IL, (815) 288-4683|Services:dt/wifi/pp"
-87.6163645,41.6227065,"McDonalds-Dolton,IL","226 Sibley Blvd, Dolton,IL, (708) 849-2134|Services:dt/wifi"
-87.9697637,41.81013,"McDonalds PlayPlace-Downers Grove,IL","225 E Odgen Ave, Downers Grove,IL, (630) 969-6310|Services:dt/wifi/pp"
-88.04734,41.80468,"McDonalds-Downers Grove,IL","2535 Odgen Ave, Downers Grove,IL 60515, (630) 964-7433|Services:dt/wifi"
-89.2360047,37.99974,"McDonalds-Du Quoin,IL","825 S Washington St, Du Quoin,IL, (618) 542-4511|Services:dt/wifi"
-88.412826,41.109751,"McDonalds-Dwight,IL","Rt 1 Box 122 Northbrook Drive, Dwight,IL, (815) 584-9008|Services:dt/wifi"
-90.121278,38.8820982,"McDonalds-East Alton,IL","102 Niagara Ave, East Alton,IL, (618) 259-1075|Services:dt/wifi"
-90.4439078,41.4901303,"McDonalds-East Moline,IL","727 42nd Ave, East Moline,IL, (309) 755-8820|Services:dt/wifi"
-89.5811348,40.6698603,"McDonalds-East Peoria,IL","161 Spinder Dr, East Peoria,IL 61611, (309) 698-8000|Services:dt/wifi"
-89.5354141,40.675842,"McDonalds PlayPlace-East Peoria,IL","2601 E Washington, East Peoria,IL, (309) 699-0721|Services:dt/wifi/pp"
-90.128209,38.616048,"McDonalds-East St Louis,IL","588 North 24th Street, East St Louis,IL, (618) 482-6610|Services:dt/wifi"
-89.950586,38.793143,"McDonalds PlayPlace-Edwardsville,IL","1704 Troy Road, Edwardsville,IL, (618) 656-1220|Services:dt/wifi/pp"
-89.9796055,38.7873596,"McDonalds-Edwardsville,IL","6091 Center Grove Road, Edwardsville,IL, (618) 659-3532|Services:dt/wifi"
-88.5661121,39.1392635,"McDonalds-Effingham,IL","1304 N Keller Dr, Effingham,IL, (217) 342-2355|Services:dt/wifi"
-88.5476791,39.0924234,"McDonalds-Effingham,IL","2911 S Banker [sto], Effingham,IL, (217) 342-4933|Services:dt/wifi"
-88.53195,39.14931,"McDonalds-Effingham,IL","Ushy 45 & Rickelman, Effingham,IL, (217) 342-2605|Services:dt/wifi"
-89.0258266,40.7370234,"McDonalds PlayPlace-El Paso,IL","664 W Main Street, El Paso,IL, (309) 527-7700|Services:dt/wifi/pp"
-88.471636,41.902559,"McDonalds-Elburn,IL","932 Center Ave, Elburn,IL, (630) 365-5915|Services:dt/wifi"
-88.44019,37.80727,"McDonalds PlayPlace-Eldorado,IL","Il Rte 142 & UU 45, Eldorado,IL, (618) 273-5633|Services:dt/wifi/pp"
-88.3155432,42.0608418,"McDonalds-Elgin,IL","1165 N Mclean Blvd, Elgin,IL, (847) 741-9090|Services:dt/wifi"
-88.314117,42.035549,"McDonalds-Elgin,IL","1480 Larkin Ave, Elgin,IL, (847) 741-9725|Services:dt/wifi"
-88.3386713,42.0263537,"McDonalds PlayPlace-Elgin,IL","255 S Randall Rd, Elgin,IL, (847) 741-9898|Services:dt/wifi/pp"
-88.2757295,42.0462902,"McDonalds-Elgin,IL","401 Summit St, Elgin,IL, (847) 741-9768|Services:dt/wifi"
-88.269106,42.019429,"McDonalds-Elgin,IL","816 Saint Charles Rd, Elgin,IL, (847) 608-5050|Services:dt/wifi"
-88.0041393,42.0036345,"McDonalds-Elk Grove Village,IL","10 W Biesterfield Road, Elk Grove Village,IL, (847) 364-4525|Services:dt/wifi"
-87.9595719,42.0054097,"McDonalds-Elk Grove Village,IL","1450 Busse Rd, Elk Grove Village,IL, (847) 439-1540|Services:dt/wifi"
-88.04574,42.007026,"McDonalds-Elk Grove Village,IL","633 Meacham Rd, Elk Grove Village,IL, (847) 985-0490|Services:dt/wifi"
-87.957057,42.021732,"McDonalds PlayPlace-Elk Grove Vlg,IL","1912 E Higgins, Elk Grove Vlg,IL, (847) 437-7949|Services:dt/wifi/pp"
-87.9354719,41.8693775,"McDonalds-Elmhurst,IL","190 E Butterfield Road, Elmhurst,IL, (630) 852-3546|Services:dt/wifi"
-87.9396922,41.9278791,"McDonalds PlayPlace-Elmhurst,IL","920 N York Rd, Elmhurst,IL, (630) 832-9633|Services:dt/wifi/pp"
-87.806837,41.924112,"McDonalds-Elmwood Park,IL","7217 W Grand Ave, Elmwood Park,IL 60707, (847) 401-8298|Services:dt/wifi"
-87.68787,42.019662,"McDonalds-Evanston,IL","1117 Howard Street, Evanston,IL, (847) 864-5988|Services:dt/wifi"
-87.699847,42.0410385,"McDonalds-Evanston,IL","1919 W Dempster, Evanston,IL, (847) 864-5528|Services:dt/wifi"
-87.6879068,41.7208699,"McDonalds-Evergreen Park,IL","2620 W 95th St, Evergreen Park,IL, (708) 499-1636|Services:dt/wifi"
-87.7021361,41.7345891,"McDonalds-Evergreen Park,IL","8715 S Kedzie, Evergreen Park,IL, (708) 424-7824|Services:dt/wifi"
-88.3758595,38.3796674,"McDonalds-Fairfield,IL","1212 W Main, Fairfield,IL, (618) 842-5674|Services:dt/wifi"
-89.984047,38.591327,"McDonalds-Fairview Heights,IL","6300 N Illinois St, Fairview Heights,IL, (618) 632-2046|Services:dt/wifi"
-89.988891,40.69791,"McDonalds-Farmington,IL","1008 E Fort St, Farmington,IL 61531, (309) 245-9930|Services:dt/wifi"
-88.5078452,38.6682327,"McDonalds-Flora,IL","US Hwy 50, Flora,IL, (618) 662-5555|Services:dt/wifi"
-87.8139213,41.8787031,"McDonalds-Forest Park,IL","420 Des Plaines Ave, Forest Park,IL, (708) 488-0146|Services:dt/wifi"
-88.9551587,39.9195085,"McDonalds-Forsyth,IL","109 Lucile, Forsyth,IL, (217) 875-7913|Services:dt/wifi"
-88.1838875,42.399534,"McDonalds-Fox Lake,IL","40 S Rt 12, Fox Lake,IL, (847) 587-1020|Services:dt/wifi"
-88.2105773,42.1936562,"McDonalds PlayPlace-Fox River Grove,IL","840 Northwest Hwy, Fox River Grove,IL, (847) 639-8245|Services:dt/wifi/pp"
-87.849471,41.508147,"McDonalds PlayPlace-Frankfort,IL","21011 S Lagrange Rd, Frankfort,IL, (815) 469-6300|Services:dt/wifi/pp"
-87.7909743,41.5061815,"McDonalds-Frankfort,IL","7215 W Lincoln Hwy, Frankfort,IL, (815) 469-0837|Services:dt/wifi"
-87.8844082,41.9263668,"McDonalds-Franklin Park,IL","2627 N Mannheim Rd, Franklin Park,IL, (847) 455-0050|Services:dt/wifi"
-89.915126,38.437221,"McDonalds-Freeburg,IL","708 N State Street, Freeburg,IL, (618) 539-9712|Services:dt/wifi"
-89.6417544,42.301651,"McDonalds PlayPlace-Freeport,IL","1300 W Galena Ave, Freeport,IL, (815) 235-3610|Services:dt/wifi/pp"
-89.631492,42.2761264,"McDonalds-Freeport,IL","1710 S West Ave, Freeport,IL, (815) 235-4825|Services:dt/wifi"
-90.445091,42.420838,"McDonalds-Galena,IL","957 Gear St, Galena,IL 61036, (815) 777-2600|Services:dt/wifi"
-90.383227,40.9603527,"McDonalds-Galesburg,IL","1072 North Henderson Street, Galesburg,IL, (309) 343-8340|Services:dt/wifi"
-90.3521729,40.9474165,"McDonalds-Galesburg,IL","1158 East Main Street, Galesburg,IL, (309) 343-1539|Services:dt/wifi"
-90.1540684,41.4395357,"McDonalds-Geneseo,IL","1022 Oakwood Drive, Geneseo,IL, (309) 944-5040|Services:dt/wifi"
-88.2821923,41.8872312,"McDonalds-Geneva,IL","1190 East State Street, Geneva,IL, (630) 232-1350|Services:dt/wifi"
-88.3405135,41.8685102,"McDonalds PlayPlace-Geneva,IL","1812 S Randall Rd, Geneva,IL, (630) 232-8239|Services:dt/wifi/pp"
-88.683337,42.0957502,"McDonalds-Genoa,IL","704 E Main St, Genoa,IL, (815) 784-8584|Services:dt/wifi"
-87.635859,39.9793543,"McDonalds-Georgetown,IL","502 N Main St, Georgetown,IL, (217) 662-6122|Services:dt/wifi"
-88.3753541,40.4568106,"McDonalds-Gibson City,IL","801 S Sangamon, Gibson City,IL, (217) 784-4269|Services:dt/wifi"
-88.00136,40.75169,"McDonalds-Gilman,IL","720 US Hwy 24 West, Gilman,IL, (815) 265-8080|Services:dt/wifi"
-88.0543466,41.831014,"McDonalds-Glen Ellyn,IL","3s010 Il Route 53, Glen Ellyn,IL, (630) 469-5995|Services:dt/wifi"
-88.070386,41.859057,"McDonalds PlayPlace-Glen Ellyn,IL","445 W Roosevelt Rd, Glen Ellyn,IL, (630) 858-1114|Services:dt/wifi/pp"
-88.078233,41.902819,"McDonalds-Glendale Heights,IL","215 E North Ave, Glendale Heights,IL, (630) 871-9007|Services:dt/wifi"
-88.076888,41.936772,"McDonalds-Glendale Heights,IL","292 E Army Trail Rd, Glendale Heights,IL, (630) 893-0845|Services:dt/wifi"
-87.8489978,42.1044864,"McDonalds PlayPlace-Glenview,IL","2741 Pfingsten, Glenview,IL, (224) 326-2915|Services:dt/wifi/pp"
-87.7998,42.0640193,"McDonalds-Glenview,IL","530 S Waukegan Rd, Glenview,IL, (847) 724-3711|Services:dt/wifi"
-87.8420063,42.0586939,"McDonalds-Glenview,IL","9815 N Milwaukee Ave, Glenview,IL, (847) 965-8180|Services:dt/wifi"
-90.189858,38.947534,"McDonalds PlayPlace-Godfrey,IL","5511 Godfrey Rd, Godfrey,IL, (618) 466-5810|Services:dt/wifi/pp"
-90.121439,38.723402,"McDonalds-Granite City,IL","1515 Johnson Road, Granite City,IL, (618) 876-0741|Services:dt/wifi"
-90.14566,38.701127,"McDonalds-Granite City,IL","2045 Madison, Granite City,IL, (618) 876-9120|Services:dt/wifi"
-88.0234696,42.3265452,"McDonalds-Grayslake,IL","1275 N Rt 83, Grayslake,IL, (847) 548-9763|Services:dt/wifi"
-88.0280255,42.3366644,"McDonalds PlayPlace-Grayslake,IL","1804 E Belvidere Road, Grayslake,IL, (847) 223-2141|Services:dt/wifi/pp"
-87.834841,42.319618,"McDonalds-Great Lakes,IL","Paul Jones & Cluverius, Great Lakes,IL, (847) 689-8683|Services:dt/wifi"
-89.390673,38.878693,"McDonalds-Greenville,IL","1600 South Street, Greenville,IL, (618) 664-0302|Services:dt/wifi"
-87.9045439,42.3784678,"McDonalds-Gurnee,IL","1275 Delaney, Gurnee,IL, (847) 244-8728|Services:dt/wifi"
-87.939633,42.377673,"McDonalds PlayPlace-Gurnee,IL","5555 Grand Ave, Gurnee,IL, (847) 336-8865|Services:dt/wifi/pp"
-87.959577,42.386044,"McDonalds-Gurnee,IL","6380 Grand Ave, Gurnee,IL, (847) 855-0229|Services:dt/wifi"
-88.512507,42.149751,"McDonalds-Hampshire,IL","19 N 649 Us Rt 20, Hampshire,IL, (847) 683-9953|Services:dt/wifi"
-88.129712,41.976212,"McDonalds PlayPlace-Hanover Park,IL","1050 E Lake St, Hanover Park,IL, (630) 307-8700|Services:dt/wifi/pp"
-88.1446591,42.0058873,"McDonalds-Hanover Park,IL","7455 Barrington Road, Hanover Park,IL, (630) 837-5819|Services:dt/wifi"
-88.53633,37.72898,"McDonalds-Harrisburg,IL","US 45, Harrisburg,IL, (618) 252-6200|Services:dt/wifi"
-88.6134359,42.4120123,"McDonalds-Harvard,IL","352 S Division, Harvard,IL, (815) 943-5540|Services:dt/wifi"
-87.675277,41.621556,"McDonalds-Harvey,IL","147th & Dixie Hwy, Harvey,IL, (708) 331-1167|Services:dt/wifi"
-87.8069881,41.9721979,"McDonalds PlayPlace-Harwood Heights,IL","5022 N Harlem Ave, Harwood Heights,IL, (708) 867-8686|Services:dt/wifi/pp"
-87.786811,41.960209,"McDonalds-Harwood Heights,IL","6400 W Montrose, Harwood Heights,IL, (708) 867-1600|Services:dt/wifi"
-90.0570485,40.294164,"McDonalds-Havana,IL","270 E Dearborn, Havana,IL, (309) 543-2422|Services:dt/wifi"
-89.0278054,37.7937866,"McDonalds PlayPlace-Herrin,IL","1706 S Park Ave, Herrin,IL, (618) 942-5251|Services:dt/wifi/pp"
-87.8096667,41.7187,"McDonalds-Hickory Hills,IL","7620 West 95th Street, Hickory Hills,IL, (708) 237-4650|Services:dt/wifi"
-89.680182,38.753816,"McDonalds-Highland,IL","105 Suppinger Rd, Highland,IL, (618) 654-8112|Services:dt/wifi"
-87.801764,42.188582,"McDonalds-Highland Park,IL","1988 1st Ave, Highland Park,IL, (847) 432-6760|Services:dt/wifi"
-87.81911,42.215529,"McDonalds-Highwood,IL","894 Sheridan Rd, Highwood,IL, (847) 432-2225|Services:dt/wifi"
-89.49384,39.1541,"McDonalds-Hillsboro,IL","728 S Main Street, Hillsboro,IL, (217) 532-3961|Services:dt/wifi"
-87.883683,41.863431,"McDonalds-Hillside,IL","4012 Roosevelt Rd, Hillside,IL, (708) 544-2333|Services:dt/wifi"
-87.9263287,41.8175471,"McDonalds-Hinsdale,IL","935 N York Rd, Hinsdale,IL, (630) 654-2481|Services:dt/wifi"
-88.08029,42.0477,"McDonalds-Hoffman Estates,IL","1070 Roselle Rd, Hoffman Estates,IL 60169, (847) 466-7762|Services:dt/wifi"
-88.1357119,42.0565945,"McDonalds-Hoffman Estates,IL","2270 W Higgins Rd, Hoffman Estates,IL, (847) 843-0380|Services:dt/wifi"
-88.143333,42.047301,"McDonalds-Hoffman Estates,IL","2580 W Golf Rd, Hoffman Estates,IL, (847) 882-0943|Services:dt/wifi"
-87.931712,41.629815,"McDonalds-Homer Glen,IL","14298 S Bell Rd, Homer Glen,IL, (708) 301-2332|Services:dt/wifi"
-87.6364404,41.5664019,"McDonalds-Homewood,IL","17740 Halsted, Homewood,IL, (708) 957-2337|Services:dt/wifi"
-87.6925249,41.5572365,"McDonalds PlayPlace-Homewood,IL","3132 W 183rd St, Homewood,IL, (708) 798-9309|Services:dt/wifi/pp"
-87.68729,40.459861,"McDonalds-Hoopeston,IL","824 South Dixie Hwy, Hoopeston,IL 60942, (217) 283-9333|Services:dt/wifi"
-88.4272871,42.1742015,"McDonalds-Huntley,IL","10711 Rt 47, Huntley,IL, (847) 669-0225|Services:dt/wifi"
-88.431937,42.151008,"McDonalds-Huntley,IL","12242 S Rt 47, Huntley,IL 60142, (847) 669-8270|Services:dt/wifi"
-87.906782,41.783508,"McDonalds-IL Toll Rd I-294 NB,IL","Hinsdale Oasis MM 25 [5800 Hinsdale Oasis Tri-State 294], Hinsdale,IL, (630) 230-0331|Services:dt"
-87.88185,41.950324,"McDonalds-IL Toll Rd I-294 NB,IL","O'hare Oasis MM 38 [10201 Belle Plaine Avenue I-294], Schiller Park,IL, (847) 678-1978|Services:dt"
-87.909004,41.783493,"McDonalds-IL Toll Rd I-294 SB,IL","Hinsdale Oasis MM 25 [5800 Hinsdale Oasis Tri-State 294], Hinsdale,IL, (630) 230-0331|Services:dt"
-87.88398,41.950737,"McDonalds-IL Toll Rd I-294 SB,IL","O'hare Oasis MM 38 [10201 Belle Plaine Avenue I-294], Schiller Park,IL, (847) 678-1978|Services:dt"
-87.599515,41.578006,"McDonalds-IL Toll Rd I-80/294 EB,IL","Lincoln Oasis MM 1 [700 East Tri-state I-294], South Holland,IL, (708) 596-3195|Services:dt/wifi"
-87.599211,41.579314,"McDonalds-IL Toll Rd I-80/294 WB,IL","Lincoln Oasis MM 1 [700 East Tri-state I-294], South Holland,IL, (708) 596-3195|Services:dt/wifi"
-88.739177,41.900271,"McDonalds-IL Toll Rd I-88 EB/WB,IL","Dekalb Oasis MM 93 [2700 Crego Rd], Dekalb,IL, (815) 758-4900|Services:none"
-88.834521,42.233015,"McDonalds-IL Toll Rd I-90 EB,IL","Belvidere Oasis MM 54.5 [5111 Pearl St], Belvidere,IL, (815) 544-1972|Services:dt/wifi"
-88.834584,42.234404,"McDonalds-IL Toll Rd I-90 WB,IL","Belvidere Oasis MM 54.5 [5111 Pearl St], Belvidere,IL, (815) 544-1972|Services:dt/wifi"
-87.900171,42.252996,"McDonalds-IL Toll Rd I-94 NB,IL","Lake Forest Oasis MM 60 [13783 West Oasis Service Road I-94], Mettawa,IL, (847) 482-9331|Services:dt"
-87.902432,42.252977,"McDonalds-IL Toll Rd I-94 SB,IL","Lake Forest Oasis MM 60 [13783 West Oasis Service Road I-94], Mettawa,IL, (847) 482-9331|Services:dt"
-88.9091537,38.1547065,"McDonalds-Ina,IL","202 North Avenue, Ina,IL, (618) 437-5317|Services:dt"
-88.1887724,42.2690664,"McDonalds PlayPlace-Island Lake,IL","600 W State Rd, Island Lake,IL, (847) 487-1720|Services:dt/wifi/pp"
-87.9987423,41.9666212,"McDonalds-Itasca,IL","1301 E Irving Park Rd, Itasca,IL, (630) 250-1065|Services:dt/wifi"
-90.23747,39.723465,"McDonalds PlayPlace-Jacksonville,IL","520 West Morton, Jacksonville,IL, (217) 243-4221|Services:dt/wifi/pp"
-90.3198277,39.110437,"McDonalds-Jerseyville,IL","911 South State St, Jerseyville,IL, (618) 498-9526|Services:dt/wifi"
-88.93285,37.81807,"McDonalds PlayPlace-Johnston City,IL","9th & Grand [IL Rte 37], Johnston City,IL, (618) 983-3223|Services:dt/wifi/pp"
-88.1673867,41.4965727,"McDonalds-Joliet,IL","1421 Riverboat Center Dr, Joliet,IL, (815) 730-8141|Services:dt/wifi"
-88.118595,41.5227946,"McDonalds-Joliet,IL","1515 West Jefferson Avenue, Joliet,IL, (815) 725-9651|Services:dt/wifi"
-88.0878903,41.5520116,"McDonalds-Joliet,IL","1555 North Broadway, Joliet,IL, (815) 723-8333|Services:dt/wifi"
-88.1615524,41.5612161,"McDonalds-Joliet,IL","2212 Essington Road, Joliet,IL, (815) 577-6576|Services:dt/wifi"
-88.0801443,41.483998,"McDonalds-Joliet,IL","2220 Illinois Rt 59, Joliet,IL, (815) 436-9380|Services:dt/wifi"
-88.1608811,41.5790443,"McDonalds PlayPlace-Joliet,IL","2885 W Plainfield Rd, Joliet,IL, (815) 439-1045|Services:dt/wifi/pp"
-88.1862789,41.5216194,"McDonalds-Joliet,IL","4280 W Jefferson, Joliet,IL, (815) 725-3630|Services:dt/wifi"
-88.0698314,41.5279527,"McDonalds-Joliet,IL","508 E Cass St, Joliet,IL, (815) 726-1981|Services:dt/wifi"
-87.8761774,41.1318763,"McDonalds PlayPlace-Kankakee,IL","1030 North Fifth Avenue, Kankakee,IL, (815) 939-0004|Services:dt/wifi/pp"
-87.8412573,41.1189222,"McDonalds-Kankakee,IL","1780 E Court St, Kankakee,IL, (815) 939-1815|Services:dt/wifi"
-89.9272567,41.2301175,"McDonalds-Kewanee,IL","315 South Tenney Street, Kewanee,IL, (309) 852-4747|Services:dt/wifi"
-90.3068979,40.9187995,"McDonalds-Knoxville,IL","743 Knox Hwy 10, Knoxville,IL, (309) 289-9351|Services:dt/wifi"
-87.86957,41.818884,"McDonalds-Lagrange,IL","100 N Lagrange Rd, Lagrange,IL, (708) 352-1110|Services:dt/wifi"
-87.879775,42.28203,"McDonalds-Lake Bluff,IL","28929 N Waukegan Rd, Lake Bluff,IL, (847) 735-1088|Services:dt/wifi"
-87.8757672,42.3031914,"McDonalds-Lake Bluff,IL","30388 N Skokie Hwy, Lake Bluff,IL, (847) 937-9920|Services:dt/wifi"
-87.873905,42.224188,"McDonalds-Lake Forest,IL","884 South Waukegan Road, Lake Forest,IL, (847) 283-9140|Services:dt/wifi"
-88.0717417,42.4154709,"McDonalds-Lake Villa,IL","431 E Grand, Lake Villa,IL, (847) 265-0050|Services:dt/wifi"
-88.0580707,42.2117868,"McDonalds-Lake Zurich,IL","123 Quentin Rd, Lake Zurich,IL 60047, (847) 438-4634|Services:dt/wifi"
-88.1018966,42.1873792,"McDonalds PlayPlace-Lake Zurich,IL","653 S Rand Rd, Lake Zurich,IL, (847) 438-2499|Services:dt/wifi/pp"
-87.558896,41.571706,"McDonalds PlayPlace-Lansing,IL","17810 S Torrence, Lansing,IL, (708) 474-2450|Services:dt/wifi/pp"
-87.6984849,38.728148,"McDonalds-Lawrenceville,IL","2608 West Haven Road, Lawrenceville,IL |Services:dt/wifi"
-89.8076477,38.597136,"McDonalds PlayPlace-Lebanon,IL","713 S Madison, Lebanon,IL, (618) 537-9806|Services:dt/wifi/pp"
-87.9998713,41.6583935,"McDonalds PlayPlace-Lemont,IL","1152 State St, Lemont,IL, (630) 257-3136|Services:dt/wifi/pp"
-88.7616281,40.3422518,"McDonalds-Leroy,IL","300 Sunset Dr, Leroy,IL, (309) 962-2073|Services:dt/wifi"
-88.7986843,40.6436833,"McDonalds-Lexington,IL","1744 Pj Keller Dr, Lexington,IL, (309) 365-8833|Services:dt/wifi"
-87.956116,42.297772,"McDonalds-Libertyville,IL","1330 N Milwaukee Ave, Libertyville,IL, (847) 362-3040|Services:dt/wifi"
-88.0056269,42.3060531,"McDonalds-Libertyville,IL","1417 W Peterson, Libertyville,IL, (847) 573-8212|Services:dt/wifi"
-89.3875951,40.1582066,"McDonalds PlayPlace-Lincoln,IL","1007 Hickox Dr, Lincoln,IL, (217) 732-9717|Services:dt/wifi/pp"
-87.9321865,42.1984777,"McDonalds-Lincolnshire,IL","450 Milwaukee Ave, Lincolnshire,IL, (847) 913-1500|Services:dt/wifi"
-88.027683,42.40704,"McDonalds-Lindenhurst,IL","2250 E Grand, Lindenhurst,IL, (847) 356-2422|Services:dt/wifi"
-88.0712966,41.7867492,"McDonalds-Lisle,IL","1019 Maple Ave, Lisle,IL, (630) 963-5573|Services:dt/wifi"
-89.6695919,39.1773768,"McDonalds PlayPlace-Litchfield,IL","2 Ohren Drive, Litchfield,IL, (217) 324-6144|Services:dt/wifi/pp"
-88.038052,41.594111,"McDonalds-Lockport,IL","1039 East 9th Street, Lockport,IL, (815) 838-6304|Services:dt/wifi"
-88.02131,41.597911,"McDonalds-Lockport,IL","16519 W 159th St, Lockport,IL 60441, (815) 524-4806|Services:dt/wifi"
-88.00792,41.83714,"McDonalds-Lombard,IL","1 Yorktown SC, Lombard,IL 60148, (630) 495-2960|Services:dt/wifi"
-88.0098689,41.8602844,"McDonalds-Lombard,IL","300 E Roosevelt Rd, Lombard,IL, (630) 620-4280|Services:dt/wifi"
-88.0310827,41.9044488,"McDonalds-Lombard,IL","540 W North Ave, Lombard,IL, (630) 792-8009|Services:dt/wifi"
-89.05796,42.3172057,"McDonalds-Loves Park,IL","6000 N 2nd St, Loves Park,IL, (815) 633-8499|Services:dt/wifi"
-87.8179656,41.8198212,"McDonalds PlayPlace-Lyons,IL","7850 Ogden Ave, Lyons,IL, (708) 442-5566|Services:dt/wifi/pp"
-89.0353884,42.3659296,"McDonalds-Machesney Park,IL","10101 N 2nd St, Machesney Park,IL, (815) 633-4679|Services:dt/wifi"
-90.6524979,40.4585342,"McDonalds-Macomb,IL","105 S Prairie St, Macomb,IL, (309) 837-2810|Services:dt/wifi"
-90.6811735,40.4588698,"McDonalds-Macomb,IL","625 W Jackson St, Macomb,IL, (309) 833-4648|Services:dt/wifi"
-88.368341,40.185457,"McDonalds-Mahomet,IL","1006 Purnell Dr, Mahomet,IL, (217) 590-2992|Services:dt/wifi"
-87.84741,41.24983,"McDonalds-Manteno,IL","103 South Creek Dr, Manteno,IL, (815) 468-9927|Services:dt/wifi"
-88.609731,42.2484345,"McDonalds-Marengo,IL","200 W Grant Hwy, Marengo,IL, (815) 568-4966|Services:dt/wifi"
-88.9653801,37.7414729,"McDonalds PlayPlace-Marion,IL","2603 W Deyoung, Marion,IL, (618) 993-8889|Services:dt/wifi/pp"
-88.9326124,37.7348974,"McDonalds-Marion,IL","700 North Court Street, Marion,IL, (618) 997-3113|Services:dt/wifi"
-87.6921455,41.6008454,"McDonalds-Markham,IL","3010 West 159th Street, Markham,IL, (708) 331-0142|Services:dt/wifi"
-87.692215,39.418422,"McDonalds PlayPlace-Marshall,IL","Rr #3 Box 117 [I-70 & SR 1], Marshall,IL, (217) 826-6565|Services:dt/wifi/pp"
-89.794066,38.497071,"McDonalds-Mascoutah,IL","721 N Jefferson, Mascoutah,IL, (618) 566-8050|Services:dt/wifi"
-87.7138872,41.5061238,"McDonalds PlayPlace-Matteson,IL","4010 W 211th St, Matteson,IL, (708) 481-1530|Services:dt/wifi/pp"
-88.3349335,39.4770337,"McDonalds PlayPlace-Mattoon,IL","103 Dettro Drive, Mattoon,IL, (217) 235-6438|Services:dt/wifi/pp"
-88.376588,39.43126,"McDonalds-Mattoon,IL","4212 Lakeland Blvd., Mattoon,IL, (217) 258-8333|Services:dt/wifi"
-87.834282,41.8878712,"McDonalds-Maywood,IL","11 North First Avenue, Maywood,IL, (708) 344-0657|Services:dt/wifi"
-87.83841,41.864386,"McDonalds-Maywood,IL","507 Roosevelt Rd, Maywood,IL 60153, (708) 410-2381|Services:dt/wifi"
-88.5413225,38.0895668,"McDonalds PlayPlace-Mc Leansboro,IL","500 W Randolph St, Mc Leansboro,IL, (618) 643-5513|Services:dt/wifi/pp"
-88.267335,42.354107,"McDonalds-Mchenry,IL","1904 Richmond Rd, Mchenry,IL 60051-5402, (815) 344-4217|Services:dt/wifi"
-88.203233,42.32135,"McDonalds-Mchenry,IL","302 South Route 31, Mchenry,IL 60050, (815) 344-2896|Services:dt/wifi"
-88.2832561,42.3470432,"McDonalds-Mchenry,IL","4411 West Route 120, Mchenry,IL, (815) 344-1377|Services:dt/wifi"
-89.1684742,40.3180384,"McDonalds-Mclean,IL","400 Main Street, Mclean,IL, (309) 874-2925|Services:dt/wifi"
-87.8273806,41.9084566,"McDonalds PlayPlace-Melrose Park,IL","8327 W North Ave, Melrose Park,IL, (708) 343-5553|Services:dt/wifi/pp"
-89.1277023,41.5570315,"McDonalds-Mendota,IL","1503 13th Ave, Mendota,IL 61342, (815) 538-2100|Services:dt/wifi"
-89.068116,41.553426,"McDonalds-Mendota,IL","2701 E 12th St, Mendota,IL, (815) 538-6012|Services:dt/wifi"
-89.3710912,40.7904319,"McDonalds PlayPlace-Metamora,IL","901 W Mount Vernon, Metamora,IL, (309) 367-9333|Services:dt/wifi/pp"
-88.713314,37.1501902,"McDonalds PlayPlace-Metropolis,IL","1545 E Fifth Street, Metropolis,IL, (618) 524-1097|Services:dt/wifi/pp"
-87.7177113,41.6273525,"McDonalds-Midlothian,IL","14601 South Pulaski Ave, Midlothian,IL, (708) 389-9766|Services:dt/wifi"
-90.5672139,41.4499539,"McDonalds PlayPlace-Milan,IL","400 W 1st St, Milan,IL, (309) 787-0025|Services:dt/wifi/pp"
-88.270718,41.455389,"McDonalds PlayPlace-Minooka,IL","102 N Ridge Rd, Minooka,IL, (815) 467-0015|Services:dt/wifi/pp"
-90.505384,41.476933,"McDonalds PlayPlace-Moline,IL","1800 - 36th Avenue, Moline,IL, (309) 797-2922|Services:dt/wifi/pp"
-90.4993278,41.4557084,"McDonalds-Moline,IL","2701 69th Avenue Court, Moline,IL, (309) 757-1855|Services:dt/wifi"
-90.488174,41.4916169,"McDonalds-Moline,IL","3433 Avenue Of The Cities, Moline,IL, (309) 797-8725|Services:dt/wifi"
-87.75705,41.427,"McDonalds-Monee,IL","I 57 Nec & Monee Manhattan Rd, Monee,IL, (708) 534-0145|Services:dt/wifi"
-90.648354,40.924903,"McDonalds-Monmouth,IL","1134 N Main St, Monmouth,IL, (309) 734-6701(v)|Services:dt/wifi"
-88.5738566,40.024185,"McDonalds PlayPlace-Monticello,IL","306 S Market St, Monticello,IL, (217) 762-4910|Services:dt/wifi/pp"
-88.42257,41.37569,"McDonalds-Morris,IL","1700 Division St, Morris,IL 60450, (815) 942-5544|Services:dt/wifi"
-89.957296,41.807477,"McDonalds-Morrison,IL","606 E Lincoln Way, Morrison,IL 61270, (815) 772-2210|Services:dt/wifi"
-89.4433,40.617129,"McDonalds PlayPlace-Morton,IL","321 North Morton, Morton,IL, (309) 263-2402|Services:dt/wifi/pp"
-87.7837705,42.040829,"McDonalds-Morton Grove,IL","6309 Dempster, Morton Grove,IL, (847) 967-5540|Services:dt/wifi"
-87.938553,42.08162,"McDonalds-Mount Prospect,IL","13 W Rand Rd, Mount Prospect,IL 60056, (224) 347-2087|Services:dt/wifi"
-88.9567364,38.3128776,"McDonalds PlayPlace-Mount Vernon,IL","102 Potomac, Mount Vernon,IL, (618) 242-7371|Services:dt/wifi/pp"
-88.926138,38.3152085,"McDonalds-Mount Vernon,IL","2806 Broadway, Mount Vernon,IL, (618) 242-7802|Services:dt/wifi"
-87.7644051,38.415808,"McDonalds-Mt Carmel,IL","111 East Ninth St, Mt Carmel,IL, (618) 263-4115|Services:dt/wifi"
-90.7565671,39.9835811,"McDonalds-Mt Sterling,IL","418 E Main St, Mt Sterling,IL, (217) 773-4727|Services:dt/wifi"
-88.003196,42.265514,"McDonalds-Mundelein,IL","151 N Lake St, Mundelein,IL, (847) 566-7100|Services:dt/wifi"
-87.9957742,42.2401095,"McDonalds-Mundelein,IL","450 Town Line Rd, Mundelein,IL, (847) 949-1590|Services:dt/wifi"
-87.9960635,42.2373463,"McDonalds PlayPlace-Mundelein,IL","665 S Rt 83, Mundelein,IL, (847) 949-7007|Services:dt/wifi/pp"
-89.324643,37.788625,"McDonalds PlayPlace-Murphysboro,IL","550 E Industrial Park Rd #14 Rt 13 & 1, Murphysboro,IL, (618) 687-1171|Services:dt/wifi/pp"
-88.1150987,41.7520092,"McDonalds-Naperville,IL","1298 S Naper Blvd, Naperville,IL, (630) 961-9660|Services:dt/wifi"
-88.205579,41.791326,"McDonalds-Naperville,IL","1376 N Route 59, Naperville,IL 60563, (630) 548-1725|Services:dt/wifi"
-88.1197538,41.7981023,"McDonalds-Naperville,IL","1520 N Naper Blvd, Naperville,IL, (630) 505-0220|Services:dt/wifi"
-88.2056396,41.7073933,"McDonalds-Naperville,IL","3232 State Route 59, Naperville,IL, (630) 922-3500|Services:dt/wifi"
-88.1789084,41.779923,"McDonalds-Naperville,IL","516 N River Rd, Naperville,IL, (630) 778-9919|Services:dt/wifi"
-88.1640421,41.7475846,"McDonalds PlayPlace-Naperville,IL","892 W 75th St, Naperville,IL, (630) 527-8547|Services:dt/wifi/pp"
-89.37094,38.39163,"McDonalds-Nashville,IL","Hwy 127 & I-64, Nashville,IL, (618) 478-5349|Services:dt/wifi"
-89.720685,38.534921,"McDonalds-New Baden,IL","727 W Hanover, New Baden,IL, (618) 588-2324|Services:dt/wifi"
-87.946258,41.483432,"McDonalds-New Lenox,IL","2151 E Laraway Rd, New Lenox,IL 60451, (815) 463-9471|Services:dt/wifi"
-87.9812708,41.5180366,"McDonalds PlayPlace-New Lenox,IL","600 West Maple, New Lenox,IL, (815) 485-4600|Services:dt/wifi/pp"
-87.8140994,42.0262331,"McDonalds-Niles,IL","7969 N Milwaukee Ave, Niles,IL, (847) 965-2391|Services:dt/wifi"
-87.8371529,42.0400699,"McDonalds-Niles,IL","8460 Dempster Ave, Niles,IL, (847) 299-1000|Services:dt/wifi"
-88.9591389,40.5103256,"McDonalds PlayPlace-Normal,IL","1535 E College, Normal,IL, (309) 454-4141|Services:dt/wifi/pp"
-88.9955774,40.5296278,"McDonalds-Normal,IL","1607 N Main Street, Normal,IL, (309) 862-2277|Services:dt/wifi"
-88.9946309,40.5035251,"McDonalds-Normal,IL","804 S Main St, Normal,IL, (309) 452-4023|Services:dt/wifi"
-87.809715,41.954464,"McDonalds-Norridge,IL","4104 N Harlem Ave [satellite], Norridge,IL, (708) 452-8993|Services:wifi"
-88.372323,41.802069,"McDonalds-North Aurora,IL","190 Hansen Boulevard, North Aurora,IL, (630) 907-9401|Services:dt/wifi"
-87.8660215,42.3185535,"McDonalds-North Chicago,IL","2211 Greenbay Road, North Chicago,IL, (847) 473-1699|Services:dt/wifi"
-89.6191293,40.6341526,"McDonalds-North Pekin,IL","1124 Wesley Rd, North Pekin,IL, (309) 382-1434|Services:dt/wifi"
-87.8099986,41.8502044,"McDonalds-North Riverside,IL","7501 W Cermak Rd, North Riverside,IL, (708) 442-7311|Services:wifi"
-87.80186,42.152477,"McDonalds-Northbrook,IL","200 Skokie Blvd, Northbrook,IL, (847) 714-9537|Services:dt/wifi"
-87.9030941,41.9070651,"McDonalds PlayPlace-Northlake,IL","1 East North Avenue, Northlake,IL, (708) 681-1073|Services:dt/wifi/pp"
-87.9466547,41.8470595,"McDonalds-Oak Brook,IL","1120 - 22nd Street, Oak Brook,IL, (630) 368-1173|Services:dt/wifi"
-87.971496,41.847374,"McDonalds-Oak Brook,IL","2111 Midwest Rd, Oak Brook,IL, (630) 620-8329|Services:dt/wifi"
-87.753256,41.602429,"McDonalds-Oak Forest,IL","5441 West 159th Street, Oak Forest,IL, (708) 687-0360|Services:dt/wifi"
-87.7400398,41.7009965,"McDonalds-Oak Lawn,IL","10549 S Cicero, Oak Lawn,IL, (708) 636-6116|Services:dt/wifi"
-87.7714634,41.7196546,"McDonalds-Oak Lawn,IL","6034 W 95th St, Oak Lawn,IL, (708) 430-6934|Services:dt/wifi"
-87.7410032,41.7262359,"McDonalds-Oak Lawn,IL","9128 South Cicero Avenue, Oak Lawn,IL, (708) 425-6116|Services:dt/wifi"
-87.777702,41.879596,"McDonalds-Oak Park,IL","111 W Madison St, Oak Park,IL, (708) 763-8186|Services:dt/wifi"
-87.779,40.12303,"McDonalds-Oakwood,IL","Oakwood & Farm Rd 1750, Oakwood,IL, (217) 354-4205|Services:dt/wifi"
-89.91216,38.585403,"McDonalds-O'fallon,IL","109 East Highway 50, O'fallon,IL, (618) 632-8358|Services:dt/wifi"
-89.95493,38.59274,"McDonalds PlayPlace-O'fallon,IL","1610 W Hwy 50, O'fallon,IL, (618) 624-3648|Services:dt/wifi/pp"
-89.0784171,41.2967915,"McDonalds-Oglesby,IL","115 N Lewis Ave, Oglesby,IL, (815) 883-8989|Services:dt/wifi"
-88.0788576,38.7312565,"McDonalds-Olney,IL","701 E Main St, Olney,IL, (618) 395-4902|Services:dt/wifi"
-87.6747116,41.506061,"McDonalds-Olympia Fields,IL","2400 W Lincoln Highway, Olympia Fields,IL, (708) 747-8175|Services:dt/wifi"
-89.3325563,42.0132409,"McDonalds-Oregon,IL","211 S 4th St, Oregon,IL, (815) 732-6035|Services:dt/wifi"
-87.888731,41.564318,"McDonalds-Orland Park,IL","11111 W 179th St, Orland,IL 60467|Services:dt/wifi"
-87.892935,41.6,"McDonalds PlayPlace-Orland Park,IL","11241 W 159th Street, Orland Park,IL, (708) 403-3566|Services:dt/wifi/pp"
-87.853516,41.628321,"McDonalds-Orland Park,IL","14445 South Lagrange Road, Orland Park,IL, (708) 349-8434|Services:dt/wifi"
-87.8406306,41.6015214,"McDonalds-Orland Park,IL","9110 W 159th St, Orland Park,IL, (708) 349-3616|Services:dt/wifi"
-88.319083,41.697666,"McDonalds-Oswego,IL","2890 Rt 34, Oswego,IL, (630) 554-2858|Services:dt/wifi"
-88.3195347,41.7146872,"McDonalds-Oswego,IL","339a Douglas Road, Oswego,IL, (630) 892-5160|Services:dt/wifi"
-88.380891,41.686172,"McDonalds-Oswego,IL","3417 Orchard Way, Oswego,IL, (630) 554-6163|Services:dt/wifi"
-88.8405161,41.3561238,"McDonalds-Ottawa,IL","127 E Norris Dr, Ottawa,IL, (815) 434-3141|Services:dt/wifi"
-88.0062,42.09462,"McDonalds-Palatine,IL","1570 E Northwest Hwy, Palatine,IL, (847) 255-2955|Services:dt/wifi"
-88.019642,42.137141,"McDonalds PlayPlace-Palatine,IL","1576 North Rand Road, Palatine,IL, (847) 991-0949|Services:dt/wifi/pp"
-88.1282486,42.1560867,"McDonalds PlayPlace-Palatine,IL","275 W Northwest Hwy, Palatine,IL, (847) 934-9988|Services:dt/wifi/pp"
-87.7923525,41.6607734,"McDonalds PlayPlace-Palos Heights,IL","7100 West 127th Street, Palos Heights,IL, (708) 448-6490|Services:dt/wifi/pp"
-87.8095823,41.6907841,"McDonalds-Palos Hills,IL","11050 Southwest Highway, Palos Hills,IL, (708) 974-3838|Services:dt/wifi"
-89.0798911,39.3908768,"McDonalds-Pana,IL","1 South Poplar, Pana,IL, (217) 562-5087|Services:dt/wifi"
-87.6839699,39.6039273,"McDonalds-Paris,IL","701 E Jasper, Paris,IL, (217) 463-5000|Services:dt/wifi"
-87.8814126,42.3486769,"McDonalds-Park City,IL","3249 Belvidere Road, Park City,IL, (847) 249-1050|Services:dt/wifi"
-87.850086,42.024375,"McDonalds-Park Ridge,IL","1032 North Northwest Hwy, Park Ridge,IL, (847) 823-0700|Services:dt/wifi"
-89.6368327,40.5653515,"McDonalds-Pekin,IL","1013 Court St, Pekin,IL, (309) 347-5696|Services:dt/wifi"
-89.6040409,40.5467636,"McDonalds PlayPlace-Pekin,IL","3291 Court St, Pekin,IL, (309) 353-5880|Services:dt/wifi/pp"
-89.610041,40.700076,"McDonalds-Peoria,IL","1017 W Main, Peoria,IL, (309) 671-1017|Services:dt/wifi"
-89.613798,40.818639,"McDonalds-Peoria,IL","10701 N Knoxville, Peoria,IL 61615, (309) 243-1771|Services:dt/wifi"
-89.594317,40.714844,"McDonalds PlayPlace-Peoria,IL","2205 N Knoxville, Peoria,IL, (309) 685-4759|Services:dt/wifi/pp"
-89.630315,40.744102,"McDonalds-Peoria,IL","2320 W War Memorial Drive, Peoria,IL, (309) 679-9703|Services:dt/wifi"
-89.6125993,40.7314806,"McDonalds-Peoria,IL","3600 University, Peoria,IL, (309) 685-9397|Services:dt/wifi"
-89.656326,40.770366,"McDonalds PlayPlace-Peoria,IL","4007 W Barring Trce, Peoria,IL, (309) 693-3540|Services:dt/wifi/pp"
-89.620724,40.7819,"McDonalds PlayPlace-Peoria,IL","7720 N University, Peoria,IL, (309) 692-0712|Services:dt/wifi/pp"
-89.574536,40.732672,"McDonalds PlayPlace-Peoria Heights,IL","3717 N Prospect, Peoria Heights,IL, (309) 686-1337|Services:dt/wifi/pp"
-87.8157731,41.3245271,"McDonalds-Peotone,IL","701 Oriole Dr, Peotone,IL, (708) 258-0006|Services:dt/wifi"
-89.127011,41.36895,"McDonalds-Peru,IL","5251 Trompeter Road, Peru,IL, (815) 223-5600|Services:dt/wifi"
-89.117675,41.338223,"McDonalds-Peru,IL","924 Shooting Park Road, Peru,IL, (815) 223-5216|Services:dt/wifi"
-89.3823796,38.0801231,"McDonalds-Pinckneyville,IL","10 W Water St, Pinckneyville,IL, (618) 357-3756|Services:dt/wifi"
-90.8126594,39.6067939,"McDonalds PlayPlace-Pittsfield,IL","524 W Washington, Pittsfield,IL, (217) 285-5659|Services:dt/wifi/pp"
-88.2027013,41.6290879,"McDonalds-Plainfield,IL","12501 S Route 59, Plainfield,IL, (815) 577-0133|Services:dt/wifi"
-88.223165,41.635226,"McDonalds-Plainfield,IL","13546 SR 30, Plainfield,IL 60544, (815) 254-0356|Services:dt/wifi"
-88.201674,41.5957691,"McDonalds PlayPlace-Plainfield,IL","15810 S Rt 59, Plainfield,IL, (815) 436-1623|Services:dt/wifi/pp"
-88.49559,41.66222,"McDonalds-Plano,IL","12704 E Rt 34, Plano,IL 60545, (630) 552-7084|Services:dt/wifi"
-88.64308,40.87364,"McDonalds-Pontiac,IL","US Hwy 66 & Rt 116, Pontiac,IL, (815) 842-2522|Services:dt/wifi"
-90.0758178,38.7504177,"McDonalds PlayPlace-Pontoon Beach,IL","#2 Engineer Road, Pontoon Beach,IL, (618) 797-7924|Services:dt/wifi/pp"
-89.467668,41.396158,"McDonalds-Princeton,IL","Rt 26 & I 80, Princeton,IL, (815) 872-2281|Services:dt/wifi"
-91.3950868,39.9355889,"McDonalds-Quincy,IL","1301 Broadway, Quincy,IL, (217) 223-0002|Services:dt/wifi"
-91.365014,39.9352189,"McDonalds PlayPlace-Quincy,IL","3201 E Broadway, Quincy,IL, (217) 222-8191|Services:dt/wifi/pp"
-91.3388,39.93544,"McDonalds-Quincy,IL","4805 Broadway St, Quincy,IL 62305, (217) 214-7641|Services:dt/wifi"
-88.1907549,40.308851,"McDonalds PlayPlace-Rantoul,IL","711 W Champaign, Rantoul,IL, (217) 893-4484|Services:dt/wifi/pp"
-89.993961,38.2001954,"McDonalds-Red Bud,IL","1422 S Main, Red Bud,IL, (618) 282-1717|Services:dt/wifi"
-88.3060756,42.4798727,"McDonalds-Richmond,IL","10607 Main St, Richmond,IL, (815) 678-2256|Services:dt/wifi"
-87.7331066,41.4843017,"McDonalds-Richton Park,IL","4855 W Sauk Trl, Richton Park,IL, (708) 747-8820|Services:dt/wifi"
-87.805474,41.891776,"McDonalds-River Forest,IL","626 N Harlem, River Forest,IL, (708) 771-5292|Services:dt/wifi"
-87.84675,41.929932,"McDonalds-River Grove,IL","8800 Grand Avenue, River Grove,IL, (708) 583-1670|Services:dt/wifi"
-87.75338,39.005638,"McDonalds-Robinson,IL","1402 W Main St, Robinson,IL 62454, (618) 544-2859|Services:dt/wifi"
-89.0682555,41.9343252,"McDonalds PlayPlace-Rochelle,IL","1120 North 7th Street, Rochelle,IL, (815) 562-8208|Services:dt/wifi/pp"
-89.03446,41.93262,"McDonalds-Rochelle,IL","892 Ranger Rd, Rochelle,IL, (815) 561-8827|Services:dt/wifi"
-89.6893095,41.7724251,"McDonalds PlayPlace-Rock Falls,IL","1005 1st Avenue, Rock Falls,IL, (815) 626-4120|Services:dt/wifi/pp"
-90.5572685,41.4931388,"McDonalds-Rock Island,IL","1813 30th St, Rock Island,IL, (309) 788-4245|Services:dt/wifi"
-90.5829933,41.480523,"McDonalds-Rock Island,IL","2950 11th St, Rock Island,IL, (309) 788-8277|Services:dt/wifi"
-89.0805918,42.2669157,"McDonalds-Rockford,IL","1032 E State St, Rockford,IL, (815) 963-2495|Services:dt/wifi"
-89.0867515,42.2527988,"McDonalds-Rockford,IL","1441 Kishwaukee St, Rockford,IL, (815) 962-2100|Services:dt/wifi"
-89.0540493,42.2593384,"McDonalds-Rockford,IL","2622 Charles St, Rockford,IL, (815) 397-2772|Services:dt/wifi"
-88.9997751,42.2702821,"McDonalds PlayPlace-Rockford,IL","314 N Mulford Rd, Rockford,IL, (815) 398-7117|Services:dt/wifi/pp"
-89.0722831,42.226297,"McDonalds-Rockford,IL","3237 11th St, Rockford,IL, (815) 398-7366|Services:dt/wifi"
-89.1150111,42.28833,"McDonalds-Rockford,IL","3710 Auburn St, Rockford,IL, (815) 965-5700|Services:dt/wifi"
-89.0322357,42.3166921,"McDonalds PlayPlace-Rockford,IL","3858 Northridge Dr, Rockford,IL, (815) 877-1775|Services:dt/wifi/pp"
-88.979954,42.2646231,"McDonalds-Rockford,IL","420 S Perryville Rd, Rockford,IL, (815) 397-2917|Services:dt/wifi"
-89.0723231,42.208264,"McDonalds-Rockford,IL","4365 11th St, Rockford,IL, (815) 229-8540|Services:dt/wifi"
-89.0303934,42.2381698,"McDonalds-Rockford,IL","4403 Harrison, Rockford,IL, (815) 399-6860|Services:dt/wifi"
-89.0265094,42.2636171,"McDonalds-Rockford,IL","4623 State St, Rockford,IL, (815) 397-4827|Services:dt/wifi"
-88.9800238,42.3187792,"McDonalds PlayPlace-Rockford,IL","6995 E Riverside Blvd, Rockford,IL, (815) 282-6142|Services:dt/wifi/pp"
-89.0750157,42.3157518,"McDonalds-Rockford,IL","930 W Riverside Boulevard, Rockford,IL, (815) 877-3028|Services:dt/wifi"
-88.0012439,42.0562921,"McDonalds-Rolling Meadows,IL","1775 Algonquin Rd, Rolling Meadows,IL, (847) 806-0660|Services:dt/wifi"
-88.0196786,42.0782746,"McDonalds PlayPlace-Rolling Meadows,IL","3140 Kirchoff Rd, Rolling Meadows,IL, (847) 670-0780|Services:dt/wifi/pp"
-88.068213,41.672039,"McDonalds-Romeoville,IL","1300 Marquette Dr, Romeoville,IL, (630) 759-2192|Services:dt/wifi"
-88.08005,41.65254,"McDonalds-Romeoville,IL","645 N Independence Blvd, Romeoville,IL 60446, (815) 886-0042|Services:dt/wifi"
-88.124211,41.651026,"McDonalds PlayPlace-Romeoville,IL","675 N Weber Rd, Romeoville,IL, (815) 293-4900|Services:dt/wifi/pp"
-88.1228229,41.5962492,"McDonalds-Romeoville,IL","778 S Weber Road, Romeoville,IL, (815) 267-7826|Services:dt/wifi"
-89.0141179,42.4285437,"McDonalds PlayPlace-Roscoe,IL","5195 Elevator Rd, Roscoe,IL, (815) 623-9150|Services:dt/wifi/pp"
-88.0698931,41.9818732,"McDonalds-Roselle,IL","439 E Irving Park Road, Roselle,IL, (630) 529-8208|Services:dt/wifi"
-87.8600159,41.9901241,"McDonalds-Rosemont,IL","6150 N River Rd, Rosemont,IL, (847) 825-3100|Services:dt/wifi"
-88.0632886,42.3796506,"McDonalds PlayPlace-Round Lake Beach,IL","774 Rollins Rd, Round Lake Beach,IL, (847) 546-1500|Services:dt/wifi/pp"
-88.96535,38.62508,"McDonalds-Salem,IL","1500 W Main St [I 57 Exit 116], Salem,IL, (618) 548-2513|Services:dt/wifi"
-88.5959894,41.6474251,"McDonalds PlayPlace-Sandwich,IL","120 Indian Springs Dr, Sandwich,IL, (815) 786-2519|Services:dt/wifi/pp"
-87.554729,41.4918654,"McDonalds-Sauk Village,IL","2707 Sauk Trail, Sauk Village,IL, (708) 757-7645|Services:dt/wifi"
-90.1333189,42.0897998,"McDonalds-Savanna,IL","1240 Chicago Ave, Savanna,IL, (815) 273-7771|Services:dt/wifi"
-88.1431848,42.0247829,"McDonalds-Schaumburg,IL","2545 W Schaumburg Rd, Schaumburg,IL, (847) 301-6384|Services:dt/wifi"
-88.0800662,42.0167453,"McDonalds-Schaumburg,IL","550 S Roselle Rd, Schaumburg,IL, (847) 891-4740|Services:dt/wifi"
-88.0594771,42.0733239,"McDonalds-Schaumburg,IL","775 E Algonquin Rd, Schaumburg,IL, (847) 397-3032|Services:dt/wifi"
-88.05559,42.04922,"McDonalds-Schaumburg,IL","955 E Golf Rd, Schaumburg,IL 60173, none listed|Services:dt/wifi"
-88.034846,42.045773,"McDonalds-Schaumburg,IL","D - 201 Woodfield Mall, Schaumburg,IL, (847) 330-0290|Services:wifi"
-87.8632394,41.9543923,"McDonalds-Schiller Park,IL","9449 W Irving Park Rd, Schiller Park,IL, (847) 928-2840|Services:dt/wifi"
-88.8047284,39.4065511,"McDonalds-Shelbyville,IL","1012 W Main St, Shelbyville,IL, (217) 774-2939|Services:dt/wifi"
-88.199158,41.53231,"McDonalds-Shorewood,IL","631 Brookforest Ave, Shorewood,IL 60404, (815) 725-4580|Services:dt/wifi"
-87.7478866,42.0407966,"McDonalds-Skokie,IL","4830 Dempster St, Skokie,IL, (847) 675-4411|Services:dt/wifi"
-87.7607347,42.0119246,"McDonalds-Skokie,IL","5360 Touhy Ave, Skokie,IL, (847) 675-6555|Services:dt/wifi"
-88.98831,42.48978,"McDonalds-South Beloit,IL","15766 Manchester Rd-sto, South Beloit,IL, (815) 704-0071|Services:dt/wifi"
-89.0537522,42.4704541,"McDonalds-South Beloit,IL","811 Prairie Hill Rd, South Beloit,IL, (815) 389-2335|Services:dt/wifi"
-87.638957,41.480154,"McDonalds PlayPlace-South Chicago Height,IL","100 Sauk Trail Rd, South Chicago Height,IL, (708) 756-2218|Services:dt/wifi/pp"
-88.3159382,41.9987697,"McDonalds-South Elgin,IL","100 N Mclean Blvd, South Elgin,IL, (847) 931-9966|Services:dt/wifi"
-88.341977,41.9803869,"McDonalds-South Elgin,IL","453 Redington Drive, South Elgin,IL, (847) 488-0200|Services:dt/wifi"
-87.5975762,41.6008078,"McDonalds-South Holland,IL","801 East 162nd St, South Holland,IL, (708) 339-2577|Services:dt/wifi"
-89.70332,38.21222,"McDonalds-Sparta,IL","Il Rte 4 Sparta Square, Sparta,IL, (618) 443-5832|Services:dt/wifi"
-88.218,42.4424,"McDonalds-Spring Grove,IL","2451 Rt 12, Spring Grove,IL 60081, (815) 675-0004|Services:dt/wifi"
-89.2116422,41.3281133,"McDonalds-Spring Valley,IL","800 W Dakota St, Spring Valley,IL, (815) 663-7001|Services:dt/wifi"
-89.643282,39.745959,"McDonalds [WM]-Springfield,IL","1100 Lejune Drive [WM], Springfield,IL, (217) 585-1248|Services:none"
-89.6047852,39.8299515,"McDonalds-Springfield,IL","2100 N Dirksen Pky, Springfield,IL, (217) 544-0677|Services:dt/wifi"
-89.69419,39.79627,"McDonalds-Springfield,IL","2303 W Monroe, Springfield,IL 62704, (217) 546-4319|Services:dt/wifi"
-89.6867818,39.7631701,"McDonalds-Springfield,IL","3035 S Chatham Rd, Springfield,IL, (217) 546-9136|Services:dt/wifi"
-89.6043275,39.8428606,"McDonalds-Springfield,IL","3151 Dirksen Parkway, Springfield,IL, (217) 529-1928|Services:dt/wifi"
-89.6053784,39.8018763,"McDonalds-Springfield,IL","3208 Clear Lake, Springfield,IL, (217) 744-3550|Services:dt/wifi"
-89.645783,39.756035,"McDonalds PlayPlace-Springfield,IL","3250 S Sixth Street, Springfield,IL, (217) 529-3320|Services:dt/wifi/pp"
-89.707864,39.7522229,"McDonalds PlayPlace-Springfield,IL","3420 Freedom Dr, Springfield,IL, (217) 793-1305|Services:dt/wifi/pp"
-89.729916,39.756392,"McDonalds-Springfield,IL","4301 W Wabash Ave, Springfield,IL 62711, (217) 546-7971|Services:dt/wifi"
-89.6612799,39.7869737,"McDonalds-Springfield,IL","501 S Grand Avenue, Springfield,IL, (217) 522-5866|Services:dt/wifi"
-89.660373,39.8030375,"McDonalds-Springfield,IL","522 West Jefferson Street, Springfield,IL, (217) 544-9055|Services:dt/wifi"
-89.6666605,39.8160969,"McDonalds-Springfield,IL","901 North Grand, Springfield,IL, (217) 522-6670|Services:dt/wifi"
-89.639424,39.713858,"McDonalds-Springfield,IL","Toronto Road, Springfield,IL, (217) 585-1351|Services:dt/wifi"
-88.337477,41.912324,"McDonalds-St Charles,IL","1915 West Main Street, St Charles,IL, (630) 377-7445|Services:dt/wifi"
-88.2625232,41.9213107,"McDonalds PlayPlace-St Charles,IL","3900 E Main St, St Charles,IL, (630) 443-6015|Services:dt/wifi/pp"
-90.2429553,41.8155445,"McDonalds PlayPlace-Sterling,IL","2415 East Lincoln Way, Sterling,IL, (815) 626-5433|Services:dt/wifi/pp"
-89.99862,42.35713,"McDonalds-Stockton,IL","Hwy 20, Stockton,IL, (815) 947-2151|Services:dt"
-88.185152,42.01346,"McDonalds-Streamwood,IL","91 W Irving Park Rd, Streamwood,IL, (630) 830-2777|Services:dt/wifi"
-88.8357997,41.1381816,"McDonalds-Streator,IL","1602 North Bloomington, Streator,IL, (815) 672-1003|Services:dt/wifi"
-88.441649,41.774738,"McDonalds-Sugar Grove,IL","523 N State Route 47, Sugar Grove,IL 60554, (630) 466-8097|Services:dt/wifi"
-88.6075977,39.6008144,"McDonalds-Sullivan,IL","11 W Jackson, Sullivan,IL, (217) 728-2341|Services:dt/wifi"
-89.9843,38.542035,"McDonalds-Swansea,IL","2605 North Illinois, Swansea,IL, (618) 277-0379|Services:dt/wifi"
-88.7164202,41.9749189,"McDonalds PlayPlace-Sycamore,IL","1660 Dekalb Ave, Sycamore,IL, (815) 895-2409|Services:dt/wifi/pp"
-89.2987374,39.5526209,"McDonalds-Taylorville,IL","401 Spressor, Taylorville,IL, (217) 824-4976|Services:dt/wifi"
-87.795875,41.601695,"McDonalds PlayPlace-Tinley Park,IL","15920 S Harlem Ave, Tinley Park,IL, (708) 614-0843|Services:dt/wifi/pp"
-87.792891,41.578173,"McDonalds-Tinley Park,IL","17171 South Harlem Avenue, Tinley Park,IL, (708) 429-4616|Services:dt/wifi"
-89.90612,38.73224,"McDonalds PlayPlace-Troy,IL","103 McDonald's Lane, Troy,IL, (618) 667-6252|Services:dt/wifi/pp"
-88.273128,39.7916416,"McDonalds-Tuscola,IL","1005 E Southline Rd, Tuscola,IL, (217) 253-5266|Services:dt/wifi"
-88.1907104,40.0976488,"McDonalds-Urbana,IL","1705 S Philo Road, Urbana,IL, (217) 337-6599|Services:dt/wifi"
-88.2042439,40.1177168,"McDonalds-Urbana,IL","601 N Cunningham, Urbana,IL, (217) 367-3722|Services:dt/wifi"
-89.0101118,41.3711093,"McDonalds-Utica,IL","3020 E 8th Road, Utica,IL, (815) 667-9969|Services:dt/wifi"
-89.0990685,38.9772228,"McDonalds PlayPlace-Vandalia,IL","820 Veterans Ave, Vandalia,IL, (618) 283-2711|Services:dt/wifi/pp"
-87.9443332,42.2380103,"McDonalds-Vernon Hills,IL","700 North Milwaukee, Vernon Hills,IL, (847) 816-1990|Services:dt/wifi"
-87.946408,42.241998,"McDonalds-Vernon Hills,IL","909 Hawthorn Center Mall, Vernon Hills,IL, (847) 362-5200|Services:none"
-88.8877229,37.4162419,"McDonalds-Vienna,IL","707 E Vine St, Vienna,IL, (618) 658-7086|Services:dt/wifi"
-87.970073,41.890353,"McDonalds PlayPlace-Villa Park,IL","350 E Saint Charles Rd, Villa Park,IL, (630) 530-0187|Services:dt/wifi/pp"
-88.16448,42.32368,"McDonalds-Volo,IL","31667 Highway 12, Volo,IL, (815) 759-0644|Services:dt/wifi"
-87.93773,42.42995,"McDonalds-Wadsworth,IL","Nec Us 41 & Wadsworth Rd- Sto, Wadsworth,IL, (847) 623-8334|Services:dt/wifi"
-88.1685048,41.8017555,"McDonalds-Warrenville,IL","28231 Diehl Road, Warrenville,IL, (630) 836-1143|Services:dt/wifi"
-88.202568,41.838333,"McDonalds-Warrenville,IL","2s606 Rt 59, Warrenville,IL, (630) 393-6685|Services:dt/wifi"
-88.3876161,41.9346171,"McDonalds-Wasco,IL","40w225 Route 64, Wasco,IL, (630) 587-2671|Services:dt/wifi"
-89.508416,40.715613,"McDonalds-Washington,IL","113 East Gate Drive [sto], Washington,IL, (309) 698-5555|Services:dt/wifi"
-89.429618,40.704038,"McDonalds PlayPlace-Washington,IL","1400 West Peoria Street, Washington,IL, (309) 444-9312|Services:dt/wifi/pp"
-90.1491365,38.3371691,"McDonalds-Waterloo,IL","176 Marketplace Dr, Waterloo,IL 62278, (618) 939-3121|Services:dt/wifi"
-87.7461887,40.7799357,"McDonalds-Watseka,IL","827 Lafayette St, Watseka,IL, (815) 432-5020|Services:dt/wifi"
-88.1507193,42.2573949,"McDonalds-Wauconda,IL","511 W Liberty St, Wauconda,IL, (847) 526-0288|Services:dt/wifi"
-87.8949703,42.3436333,"McDonalds-Waukegan,IL","1010 S Waukegan Road, Waukegan,IL, (847) 473-4915|Services:dt/wifi"
-87.854681,42.388396,"McDonalds PlayPlace-Waukegan,IL","1939 N Lewis Ave, Waukegan,IL, (847) 662-8784|Services:dt/wifi/pp"
-87.8298785,42.3641329,"McDonalds-Waukegan,IL","304 North Sheridan Road, Waukegan,IL, (847) 244-6280|Services:dt/wifi"
-87.881959,42.370108,"McDonalds-Waukegan,IL","3301 W Grand Ave, Waukegan,IL, (847) 623-8063|Services:dt/wifi"
-87.8994822,42.343566,"McDonalds [WM]-Waukegan,IL","3900 Fountain Square Place [WM], Waukegan,IL, (847) 473-4116|Services:none"
-88.194401,41.881799,"McDonalds PlayPlace-West Chicago,IL","305 S Neltnor, West Chicago,IL, (630) 231-1999|Services:dt/wifi/pp"
-88.1682566,41.9097283,"McDonalds PlayPlace-West Chicago,IL","89 W North Ave, West Chicago,IL, (630) 293-4986|Services:dt/wifi/pp"
-88.9382,37.997931,"McDonalds-West City,IL","110 N Central St, West City,IL 62812, (618) 439-6633|Services:dt/wifi"
-88.2895105,42.0837251,"McDonalds-West Dundee,IL","386 8th St, West Dundee,IL, (847) 426-8929|Services:dt/wifi"
-88.95231,37.896248,"McDonalds PlayPlace-West Frankfort,IL","Rt 149, West Frankfort,IL, (618) 937-4900|Services:dt/wifi/pp"
-89.623197,40.695712,"McDonalds-West Peoria,IL","627 N Western, West Peoria,IL, (309) 676-1633|Services:dt/wifi"
-87.8986045,41.8336859,"McDonalds PlayPlace-Westchester,IL","11110 West 31st Street, Westchester,IL, (708) 531-1236|Services:dt/wifi/pp"
-87.972942,41.7737187,"McDonalds PlayPlace-Westmont,IL","31 E 63rd St, Westmont,IL, (630) 968-3868|Services:dt/wifi/pp"
-88.1035157,41.8319739,"McDonalds-Wheaton,IL","2030 S Naperville Rd, Wheaton,IL, (630) 690-4658|Services:dt/wifi"
-88.1384414,41.8579055,"McDonalds PlayPlace-Wheaton,IL","2175 W Roosevelt Rd, Wheaton,IL, (630) 665-6819|Services:dt/wifi/pp"
-87.8884835,42.1061469,"McDonalds-Wheeling,IL","1200 S Milwaukee, Wheeling,IL, (847) 541-3100|Services:dt/wifi"
-87.9255881,42.1529711,"McDonalds PlayPlace-Wheeling,IL","1355 Lake Cook Road, Wheeling,IL, (847) 229-1891|Services:dt/wifi/pp"
-87.955091,42.1389331,"McDonalds-Wheeling,IL","188 East Dundee Road, Wheeling,IL, (847) 541-8487|Services:dt/wifi"
-89.56282,39.96159,"McDonalds-Williamsville,IL","991 Ann Rutledge Drive, Williamsville,IL, (217) 566-2011|Services:dt/wifi"
-87.9451433,41.7132283,"McDonalds-Willowbrook,IL","10 South 710 Kingery Hwy, Willowbrook,IL, (630) 325-4060|Services:dt/wifi"
-88.1408607,41.2968047,"McDonalds-Wilmington,IL","1055 S Water Street, Wilmington,IL, (815) 476-5272|Services:dt/wifi"
-89.24245,42.27981,"McDonalds-Winnebago,IL","103 Capriola Pky, Winnebago,IL, (815) 335-2503|Services:dt/wifi"
-87.74109,42.11474,"McDonalds-Winnetka,IL","858 Green Bay Rd, Winnetka,IL, (847) 446-0180|Services:dt/wifi"
-90.0787512,38.8642369,"McDonalds-Wood River,IL","1156 Vaughn Rd, Wood River,IL, (618) 258-9147|Services:dt/wifi"
-88.0379148,41.750619,"McDonalds PlayPlace-Woodridge,IL","2310 W 75th St, Woodridge,IL, (630) 852-3546|Services:dt/wifi/pp"
-88.0392823,41.772227,"McDonalds PlayPlace-Woodridge,IL","2401 63rd St, Woodridge,IL, (630) 241-3562|Services:dt/wifi/pp"
-88.4345267,42.31302,"McDonalds-Woodstock,IL","250 S Eastwood Dr, Woodstock,IL, (815) 338-3025|Services:dt/wifi"
-88.441837,41.6680648,"McDonalds-Yorkville,IL","2007 S Bridge St, Yorkville,IL, (630) 553-1893|Services:dt/wifi"
-88.4427858,41.657537,"McDonalds-Yorkville,IL","3 W Veterans Parkway, Yorkville,IL, (630) 553-9393|Services:dt/wifi"
-87.8252113,42.4573186,"McDonalds-Zion,IL","2028 Sheridan Rd, Zion,IL, (847) 746-2177|Services:dt/wifi"